coordinates,distance_m,duration_s,status
"('59.44119, 24.71317', '59.44019, 24.70737')",417,64,OK
"('59.43605, 24.71172', '59.44019, 24.70737')",522,56,OK
"('59.45813, 24.82979', '59.45893, 24.83552')",336,33,OK
"('59.38219, 24.63807', '59.37893, 24.63641')",375,31,OK
"('59.42296, 24.79297', '59.42145, 24.80205')",695,95,OK
"('59.44684, 24.69106', '59.44395, 24.69468')",479,76,OK
"('59.43878, 24.85124', '59.44134, 24.86183')",786,62,OK
"('59.37759, 24.68654', '59.37947, 24.6952')",533,43,OK
"('59.4427, 24.76475', '59.43555, 24.75897')",1182,275,OK
"('59.36602, 24.6438', '59.36775, 24.65187')",495,45,OK
"('59.41553, 24.65547', '59.41328, 24.65295')",308,37,OK
"('59.40993, 24.67364', '59.41168, 24.66345')",634,76,OK
"('59.42997, 24.78653', '59.43315, 24.77774')",2229,386,OK
"('59.45782, 24.82379', '59.45813, 24.82979')",346,33,OK
"('59.42812, 24.79209', '59.42997, 24.78653')",377,66,OK
"('59.49181, 24.82975', '59.48949, 24.83548')",415,28,OK
"('59.47109, 24.8357', '59.47406, 24.83858')",453,44,OK
"('59.40614, 24.6519', '59.4044, 24.65646')",373,79,OK
"('59.4374, 24.75819', '59.43831, 24.75407')",1776,358,OK
"('59.42747, 24.72195', '59.425, 24.72978')",686,82,OK
"('59.43398, 24.76995', '59.43307, 24.77711')",417,50,OK
"('59.4105, 24.73147', '59.41419, 24.73841')",568,74,OK
"('59.41328, 24.65295', '59.41122, 24.64768')",392,43,OK
"('59.41495, 24.73992', '59.42463, 24.74269')",1092,104,OK
"('59.44347, 24.75011', '59.43762, 24.75321')",729,122,OK
"('59.47251, 24.88414', '59.47129, 24.87693')",430,36,OK
"('59.43925, 24.8747', '59.43554, 24.86399')",815,117,OK
"('59.43238, 24.81849', '59.43211, 24.81311')",305,32,OK
"('59.43723, 24.75838', '59.43843, 24.77141')",755,110,OK
"('59.44355, 24.80015', '59.44286, 24.78875')",666,100,OK
"('59.42686, 24.80122', '59.43011, 24.80735')",508,57,OK
"('59.40921, 24.73565', '59.38049, 24.69884')",5103,489,OK
"('59.43865, 24.78353', '59.44012, 24.78559')",244,41,OK
"('59.46116, 24.66765', '59.46045, 24.67007')",158,22,OK
"('59.44684, 24.69106', '59.4441, 24.68813')",501,89,OK
"('59.45081, 24.70806', '59.45005, 24.71431')",585,91,OK
"('59.43299, 24.74721', '59.40773, 24.70305')",4121,444,OK
"('59.4941, 24.89382', '59.49805, 24.90269')",691,46,OK
"('59.39423, 24.64384', '59.38975, 24.64185')",511,42,OK
"('59.40176, 24.66069', '59.40366, 24.65453')",593,104,OK
"('59.40494, 24.71651', '59.40028, 24.71106')",673,116,OK
"('59.42588, 24.85099', '59.4238, 24.85649')",470,42,OK
"('59.37016, 24.65737', '59.36751, 24.65039')",497,41,OK
"('59.41759, 24.75954', '59.42122, 24.76395')",713,100,OK
"('59.42949, 24.84058', '59.42906, 24.83806')",150,39,OK
"('59.4288, 24.7316', '59.43235, 24.74206')",719,74,OK
"('59.44018, 24.75919', '59.44038, 24.7549')",519,103,OK
"('59.4201, 24.79391', '59.41843, 24.79845')",501,106,OK
"('59.4482, 24.82699', '59.44434, 24.81334')",892,97,OK
"('59.42676, 24.655', '59.42621, 24.65889')",288,62,OK
"('59.35347, 24.62933', '59.35044, 24.62691')",613,61,OK
"('59.44871, 24.59005', '59.44676, 24.59104')",244,21,OK
"('59.38746, 24.68674', '59.38697, 24.69114')",278,42,OK
"('59.42754, 24.77773', '59.42448, 24.78432')",521,71,OK
"('59.38871, 24.70191', '59.3869, 24.69007')",701,59,OK
"('59.41585, 24.6027', '59.41271, 24.60634')",498,62,OK
"('59.487, 24.86525', '59.48343, 24.85972')",524,40,OK
"('59.42683, 24.77097', '59.42126, 24.76924')",701,81,OK
"('59.49805, 24.90269', '59.49647, 24.9113')",695,54,OK
"('59.39487, 24.65229', '59.3968, 24.66373')",1566,228,OK
"('59.41461, 24.73251', '59.41103, 24.73226')",429,54,OK
"('59.37621, 24.74393', '59.36705, 24.75705')",1347,94,OK
"('59.44781, 24.89321', '59.44588, 24.8981')",583,80,OK
"('59.43101, 24.79267', '59.43348, 24.79785')",427,44,OK
"('59.40312, 24.69886', '59.40695, 24.69344')",721,109,OK
"('59.43321, 24.74426', '59.41066, 24.687')",4740,517,OK
"('59.44038, 24.7549', '59.44158, 24.77202')",1029,143,OK
"('59.42752, 24.77859', '59.42857, 24.77622')",179,27,OK
"('59.43956, 24.7379', '59.44108, 24.74072')",250,35,OK
"('59.43575, 24.85807', '59.43359, 24.86562')",658,84,OK
"('59.40608, 24.73291', '59.40921, 24.73565')",1103,117,OK
"('59.43321, 24.74426', '59.43022, 24.73629')",1727,219,OK
"('59.39891, 24.64169', '59.39969, 24.64591')",356,47,OK
"('59.47452, 24.89646', '59.47251, 24.88414')",877,75,OK
"('59.42558, 24.74899', '59.42908, 24.74352')",794,138,OK
"('59.43352, 24.75195', '59.42893, 24.75874')",1478,379,OK
"('59.36267, 24.76415', '59.36749, 24.75649')",690,54,OK
"('59.42074, 24.79956', '59.42489, 24.79696')",1754,236,OK
"('59.42917, 24.62579', '59.43189, 24.62175')",382,31,OK
"('59.4504, 24.86019', '59.44781, 24.86215')",309,35,OK
"('59.45196, 24.694', '59.45509, 24.68924')",479,47,OK
"('59.44641, 24.74673', '59.45027, 24.7363')",764,76,OK
"('59.44681, 24.60446', '59.44292, 24.59407')",797,67,OK
"('59.42629, 24.79754', '59.43011, 24.80735')",835,111,OK
"('59.42288, 24.74234', '59.41544, 24.73956')",845,65,OK
"('59.43956, 24.7379', '59.44347, 24.75011')",879,102,OK
"('59.41486, 24.75517', '59.41759, 24.75954')",431,57,OK
"('59.43606, 24.75113', '59.43323, 24.74397')",551,102,OK
"('59.41049, 24.66565', '59.40469, 24.66874')",808,77,OK
"('59.41646, 24.63966', '59.41339, 24.64028')",348,37,OK
"('59.39147, 24.71904', '59.39261, 24.72377')",303,65,OK
"('59.43373, 24.76063', '59.43671, 24.75754')",449,111,OK
"('59.40361, 24.7066', '59.40275, 24.69749')",705,98,OK
"('59.37572, 24.71579', '59.37771, 24.70651')",570,66,OK
"('59.41168, 24.66345', '59.41633, 24.65641')",658,56,OK
"('59.37989, 24.71748', '59.37715, 24.71772')",305,24,OK
"('59.4172, 24.65465', '59.41049, 24.66565')",982,112,OK
"('59.42418, 24.74944', '59.42108, 24.75057')",351,41,OK
"('59.43326, 24.59223', '59.43609, 24.58117')",701,40,OK
"('59.41745, 24.72066', '59.41433, 24.71788')",382,45,OK
"('59.44772, 24.72891', '59.44986, 24.72418')",358,35,OK
"('59.43595, 24.75667', '59.43352, 24.75195')",496,106,OK
"('59.40781, 24.7236', '59.40494, 24.71651')",524,52,OK
"('59.44374, 24.82827', '59.44841, 24.82869')",751,71,OK
"('59.45122, 24.84953', '59.4504, 24.86019')",729,81,OK
"('59.45995, 24.86971', '59.46193, 24.8748')",364,37,OK
"('59.4374, 24.75819', '59.43618, 24.75149')",1840,369,OK
"('59.41336, 24.70824', '59.41978, 24.71316')",768,65,OK
"('59.44218, 24.88338', '59.44141, 24.8784')",298,39,OK
"('59.35687, 24.61121', '59.36136, 24.6138')",527,45,OK
"('59.39436, 24.64463', '59.39487, 24.65229')",444,44,OK
"('59.4014, 24.71112', '59.4053, 24.71786')",625,94,OK
"('59.44401, 24.83974', '59.44291, 24.8471')",530,51,OK
"('59.42987, 24.69144', '59.42046, 24.64684')",3262,283,OK
"('59.4436, 24.89001', '59.44218, 24.88338')",425,61,OK
"('59.44012, 24.78559', '59.4385, 24.77155')",2127,382,OK
"('59.45394, 24.70623', '59.45615, 24.69941')",602,78,OK
"('59.43321, 24.74426', '59.42036, 24.68362')",4494,510,OK
"('59.4182, 24.65376', '59.4214, 24.64953')",428,46,OK
"('59.43328, 24.83136', '59.43052, 24.83396')",341,34,OK
"('59.43102, 24.76046', '59.4288, 24.75253')",521,66,OK
"('59.43117, 24.63709', '59.43435, 24.62926')",570,46,OK
"('59.42236, 24.80231', '59.42316, 24.79516')",482,66,OK
"('59.4437, 24.74132', '59.44347, 24.75011')",760,111,OK
"('59.37343, 24.71812', '59.37572, 24.71579')",324,56,OK
"('59.45377, 24.5807', '59.45567, 24.57797')",262,25,OK
"('59.42084, 24.76441', '59.41763, 24.75888')",649,68,OK
"('59.43487, 24.83045', '59.43683, 24.82854')",243,33,OK
"('59.4382, 24.85132', '59.43635, 24.84596')",455,52,OK
"('59.48625, 24.88226', '59.49099, 24.88066')",593,59,OK
"('59.42478, 24.65077', '59.42415, 24.64332')",476,54,OK
"('59.45077, 24.89706', '59.45249, 24.89046')",421,50,OK
"('59.46356, 24.70183', '59.46004, 24.70344')",652,98,OK
"('59.38406, 24.65209', '59.38332, 24.6645')",721,60,OK
"('59.42953, 24.69245', '59.42929, 24.69814')",340,52,OK
"('59.43217, 24.74137', '59.4339, 24.75177')",684,164,OK
"('59.43306, 24.73439', '59.43148, 24.73952')",366,76,OK
"('59.39695, 24.69906', '59.40319, 24.68757')",1027,150,OK
"('59.42825, 24.62769', '59.42645, 24.63231')",2274,261,OK
"('59.425, 24.72978', '59.42667, 24.74168')",700,128,OK
"('59.48837, 24.87088', '59.487, 24.86525')",355,27,OK
"('59.44786, 24.8604', '59.44844, 24.86403')",215,66,OK
"('59.43491, 24.73149', '59.43306, 24.73439')",295,46,OK
"('59.42908, 24.74352', '59.43202, 24.74585')",357,45,OK
"('59.45474, 24.87934', '59.45452, 24.88412')",286,24,OK
"('59.43271, 24.74588', '59.4363, 24.75226')",572,86,OK
"('59.49663, 24.82798', '59.49181, 24.82975')",581,41,OK
"('59.42394, 24.6425', '59.42046, 24.64684')",726,106,OK
"('59.43531, 24.75867', '59.43398, 24.76995')",980,212,OK
"('59.44288, 24.87581', '59.44535, 24.87959')",1155,155,OK
"('59.44311, 24.70431', '59.44707, 24.70033')",494,54,OK
"('59.43985, 24.83077', '59.43582, 24.829')",1109,98,OK
"('59.45489, 24.68169', '59.45804, 24.67541')",503,47,OK
"('59.4201, 24.6835', '59.43251, 24.74267')",4398,516,OK
"('59.43667, 24.75665', '59.43711, 24.76158')",841,220,OK
"('59.42778, 24.67261', '59.42868, 24.68091')",480,32,OK
"('59.45196, 24.694', '59.45466, 24.68976')",389,36,OK
"('59.44956, 24.86948', '59.44932, 24.88098')",668,77,OK
"('59.40564, 24.73206', '59.40162, 24.72831')",496,55,OK
"('59.39487, 24.67323', '59.38746, 24.68674')",1237,162,OK
"('59.37914, 24.69354', '59.37585, 24.67716')",998,79,OK
"('59.45262, 24.88976', '59.44877, 24.89081')",500,51,OK
"('59.38746, 24.68674', '59.38638, 24.69108')",276,46,OK
"('59.42232, 24.74239', '59.41341, 24.73677')",1066,103,OK
"('59.43235, 24.74206', '59.4346, 24.75235')",659,110,OK
"('59.47495, 24.95111', '59.48069, 24.94412')",790,84,OK
"('59.43576, 24.75095', '59.43712, 24.76218')",675,129,OK
"('59.4585, 24.82001', '59.45782, 24.82379')",231,21,OK
"('59.41271, 24.60674', '59.41593, 24.60122')",560,59,OK
"('59.44877, 24.89081', '59.44781, 24.89321')",237,42,OK
"('59.44131, 24.76954', '59.44018, 24.75919')",679,121,OK
"('59.42527, 24.70106', '59.42829, 24.70912')",754,100,OK
"('59.36775, 24.65187', '59.37367, 24.6672')",1093,88,OK
"('59.42271, 24.78911', '59.42296, 24.79297')",232,35,OK
"('59.43591, 24.75726', '59.43352, 24.75195')",489,104,OK
"('59.35971, 24.6304', '59.36602, 24.6438')",1186,99,OK
"('59.42558, 24.74899', '59.42806, 24.74938')",338,67,OK
"('59.45178, 24.83969', '59.45122, 24.84953')",561,47,OK
"('59.41281, 24.63785', '59.40885, 24.62843')",891,101,OK
"('59.48746, 24.92761', '59.4907, 24.91596')",768,79,OK
"('59.42839, 24.86964', '59.43353, 24.86593')",609,51,OK
"('59.43386, 24.75259', '59.43671, 24.75754')",842,235,OK
"('59.44524, 24.71095', '59.44159, 24.71336')",431,43,OK
"('59.40308, 24.68743', '59.39707, 24.69844')",1040,147,OK
"('59.4504, 24.86019', '59.44844, 24.86403')",392,57,OK
"('59.4357, 24.84345', '59.43642, 24.84784')",291,52,OK
"('59.43531, 24.75867', '59.43746, 24.76375')",612,140,OK
"('59.43026, 24.65105', '59.43117, 24.63709')",802,66,OK
"('59.46919, 24.90281', '59.46954, 24.90891')",625,59,OK
"('59.43232, 24.81973', '59.43291, 24.82476')",292,35,OK
"('59.4385, 24.77155', '59.43726, 24.75833')",2323,511,OK
"('59.38242, 24.63829', '59.39049, 24.6424')",927,86,OK
"('59.41132, 24.68821', '59.41759, 24.69394')",770,87,OK
"('59.42686, 24.82142', '59.42945, 24.83745')",967,201,OK
"('59.4362, 24.72806', '59.43609, 24.72016')",607,81,OK
"('59.4263, 24.86749', '59.42839, 24.86964')",345,35,OK
"('59.43337, 24.6309', '59.43087, 24.63869')",524,40,OK
"('59.35044, 24.62691', '59.34184, 24.6157')",1159,107,OK
"('59.41593, 24.60122', '59.41796, 24.58739')",904,82,OK
"('59.42828, 24.7767', '59.4273, 24.77888')",875,194,OK
"('59.37943, 24.67528', '59.38305, 24.67247')",433,53,OK
"('59.41335, 24.74839', '59.41278, 24.75255')",321,69,OK
"('59.43635, 24.84596', '59.43465, 24.83473')",663,71,OK
"('59.49711, 24.82865', '59.50619, 24.82979')",1070,98,OK
"('59.39804, 24.67523', '59.39991, 24.67195')",428,43,OK
"('59.38434, 24.71738', '59.37989, 24.71748')",495,34,OK
"('59.43985, 24.70941', '59.44085, 24.71325')",246,31,OK
"('59.46954, 24.90891', '59.47323, 24.91341')",506,36,OK
"('59.42459, 24.71737', '59.42747, 24.72195')",441,68,OK
"('59.41224, 24.63969', '59.41319, 24.63446')",556,82,OK
"('59.43352, 24.75195', '59.43319, 24.76136')",855,275,OK
"('59.44932, 24.6976', '59.44592, 24.70108')",425,56,OK
"('59.4281, 24.62591', '59.42645, 24.63231')",3208,319,OK
"('59.41978, 24.71316', '59.42459, 24.71737')",586,47,OK
"('59.35563, 24.63056', '59.35347, 24.62933')",252,23,OK
"('59.48142, 24.93275', '59.47919, 24.92417')",571,46,OK
"('59.44365, 24.84685', '59.44422, 24.8393')",478,47,OK
"('59.46088, 24.90639', '59.45452, 24.88412')",1676,130,OK
"('59.45993, 24.70436', '59.46985, 24.71721')",1411,155,OK
"('59.39998, 24.72803', '59.41449, 24.76057')",2548,151,OK
"('59.37443, 24.71784', '59.37162, 24.71713')",316,29,OK
"('59.43353, 24.86593', '59.43644, 24.85806')",724,86,OK
"('59.36528, 24.63133', '59.36, 24.62988')",649,71,OK
"('59.45511, 24.68961', '59.45306, 24.70464')",2857,351,OK
"('59.36864, 24.63692', '59.36567, 24.62951')",766,71,OK
"('59.42686, 24.82142', '59.42949, 24.84058')",1252,138,OK
"('59.46193, 24.8748', '59.45691, 24.88023')",803,106,OK
"('59.45803, 24.86239', '59.45995, 24.86971')",466,48,OK
"('59.3562, 24.61096', '59.35149, 24.61049')",654,76,OK
"('59.40005, 24.65946', '59.39761, 24.66328')",376,60,OK
"('59.38458, 24.6732', '59.38131, 24.6634')",663,69,OK
"('59.43563, 24.7583', '59.43299, 24.74721')",727,112,OK
"('59.43388, 24.74661', '59.43576, 24.75095')",334,47,OK
"('59.41944, 24.64545', '59.41683, 24.6526')",538,63,OK
"('59.41224, 24.63969', '59.41375, 24.64023')",258,37,OK
"('59.45745, 24.8119', '59.46075, 24.81995')",600,40,OK
"('59.42898, 24.70719', '59.42987, 24.69144')",901,90,OK
"('59.47294, 24.91241', '59.46943, 24.90873')",456,32,OK
"('59.38569, 24.71223', '59.38828, 24.71926')",490,47,OK
"('59.47168, 24.72063', '59.46926, 24.71643')",362,55,OK
"('59.40267, 24.61327', '59.40517, 24.61643')",331,55,OK
"('59.40234, 24.7185', '59.41449, 24.76057')",2854,152,OK
"('59.41402, 24.65407', '59.40614, 24.6519')",2088,238,OK
"('59.43018, 24.65139', '59.42676, 24.655')",495,64,OK
"('59.37293, 24.6646', '59.37016, 24.65737')",512,39,OK
"('59.40907, 24.62967', '59.41224, 24.63969')",904,106,OK
"('59.43437, 24.75576', '59.43368, 24.75282')",188,48,OK
"('59.45969, 24.5729', '59.45914, 24.57318')",509,114,OK
"('59.42043, 24.64478', '59.42415, 24.64332')",725,98,OK
"('59.47109, 24.8357', '59.47462, 24.83804')",416,36,OK
"('59.37791, 24.71786', '59.38028, 24.7177')",264,20,OK
"('59.47256, 24.88489', '59.47414, 24.89703')",782,64,OK
"('59.43386, 24.75259', '59.43323, 24.74397')",549,98,OK
"('59.40275, 24.69749', '59.39976, 24.68885')",606,57,OK
"('59.44029, 24.80691', '59.43799, 24.80207')",375,32,OK
"('59.40469, 24.6342', '59.40494, 24.62722')",425,66,OK
"('59.47364, 24.83701', '59.47034, 24.83491')",567,85,OK
"('59.38976, 24.71077', '59.38869, 24.70372')",418,33,OK
"('59.42646, 24.80806', '59.42681, 24.81464')",2350,351,OK
"('59.37926, 24.63703', '59.37611, 24.64903')",886,100,OK
"('59.38305, 24.67247', '59.38438, 24.67297')",231,36,OK
"('59.4391, 24.77716', '59.44098, 24.78701')",596,60,OK
"('59.41382, 24.68993', '59.41066, 24.687')",389,40,OK
"('59.47414, 24.89703', '59.48102, 24.89007')",872,59,OK
"('59.4126, 24.66862', '59.41168, 24.66345')",381,59,OK
"('59.49074, 24.87911', '59.48837, 24.87088')",534,46,OK
"('59.43219, 24.78226', '59.43473, 24.79915')",1065,80,OK
"('59.42466, 24.74269', '59.42889, 24.74334')",511,126,OK
"('59.39969, 24.64591', '59.39423, 24.64384')",619,57,OK
"('59.40176, 24.66069', '59.40466, 24.65491')",575,101,OK
"('59.41281, 24.63785', '59.40893, 24.63229')",808,114,OK
"('59.40836, 24.70411', '59.41259, 24.70873')",609,63,OK
"('59.4545, 24.95757', '59.45651, 24.94503')",745,55,OK
"('59.43563, 24.7583', '59.43321, 24.74426')",903,141,OK
"('59.38219, 24.63807', '59.37926, 24.63703')",352,36,OK
"('59.40695, 24.64037', '59.40614, 24.6519')",776,76,OK
"('59.44635, 24.88588', '59.44503, 24.87747')",505,59,OK
"('59.47406, 24.83858', '59.47951, 24.85093')",991,82,OK
"('59.43291, 24.82476', '59.43495, 24.83821')",795,111,OK
"('59.44953, 24.88037', '59.44946, 24.8682')",702,84,OK
"('59.4362, 24.611', '59.43648, 24.60096')",641,54,OK
"('59.4299, 24.78632', '59.42806, 24.79187')",371,61,OK
"('59.45866, 24.85079', '59.45917, 24.84627')",262,19,OK
"('59.44475, 24.88949', '59.44588, 24.8981')",553,43,OK
"('59.42893, 24.75874', '59.42781, 24.76492')",381,40,OK
"('59.45235, 24.69316', '59.44932, 24.6976')",420,40,OK
"('59.40574, 24.71013', '59.41165, 24.71574')",730,75,OK
"('59.41224, 24.63969', '59.41102, 24.64775')",480,56,OK
"('59.43398, 24.76995', '59.43951, 24.83268')",3793,249,OK
"('59.38717, 24.64105', '59.38219, 24.63807')",603,61,OK
"('59.43054, 24.83457', '59.43495, 24.83821')",816,86,OK
"('59.39902, 24.7057', '59.39695, 24.69906')",747,70,OK
"('59.43182, 24.76779', '59.42828, 24.7767')",1425,249,OK
"('59.43011, 24.80735', '59.43199, 24.814')",475,49,OK
"('59.45262, 24.88976', '59.45066, 24.89783')",507,52,OK
"('59.40176, 24.66069', '59.40103, 24.6581')",283,53,OK
"('59.44077, 24.7533', '59.43756, 24.75337')",600,125,OK
"('59.43374, 24.72367', '59.42934, 24.72501')",504,54,OK
"('59.42984, 24.80634', '59.42629, 24.79754')",703,90,OK
"('59.42945, 24.69915', '59.42987, 24.69144')",438,33,OK
"('59.45979, 24.67187', '59.46105, 24.66963')",201,20,OK
"('59.4346, 24.75235', '59.43531, 24.75867')",397,88,OK
"('59.43148, 24.73952', '59.43281, 24.74713')",502,102,OK
"('59.43746, 24.76375', '59.4374, 24.75819')",316,61,OK
"('59.42667, 24.81591', '59.42686, 24.82142')",312,26,OK
"('59.43568, 24.81225', '59.43794, 24.81773')",458,60,OK
"('59.43535, 24.75839', '59.43398, 24.76995')",999,216,OK
"('59.42415, 24.64332', '59.42655, 24.63247')",673,57,OK
"('59.40517, 24.61643', '59.4076, 24.62296')",555,101,OK
"('59.43251, 24.74267', '59.43352, 24.75195')",590,118,OK
"('59.37618, 24.64985', '59.37868, 24.65534')",421,32,OK
"('59.42547, 24.78186', '59.42416, 24.78808')",411,65,OK
"('59.42898, 24.70719', '59.42945, 24.69915')",463,56,OK
"('59.40794, 24.8109', '59.40628, 24.81604')",420,59,OK
"('59.48074, 24.84042', '59.47364, 24.83701')",1456,133,OK
"('59.43807, 24.80239', '59.44073, 24.80795')",432,35,OK
"('59.44169, 24.85114', '59.44365, 24.84685')",429,56,OK
"('59.40482, 24.6769', '59.40308, 24.68743')",649,97,OK
"('59.4165, 24.67841', '59.4201, 24.6835')",538,54,OK
"('59.4562, 24.94652', '59.45438, 24.95753')",656,47,OK
"('59.40767, 24.62284', '59.41271, 24.60674')",1188,111,OK
"('59.40555, 24.65317', '59.40715, 24.63963')",931,112,OK
"('59.41796, 24.58739', '59.41466, 24.58343')",495,114,OK
"('59.43988, 24.73786', '59.4362, 24.72806')",759,100,OK
"('59.40893, 24.63229', '59.40695, 24.64037')",556,50,OK
"('59.49239, 24.8292', '59.49711, 24.82865')",579,40,OK
"('59.43609, 24.58117', '59.43824, 24.57258')",607,50,OK
"('59.3649, 24.6382', '59.36602, 24.6438')",341,27,OK
"('59.43531, 24.75867', '59.4431, 24.76675')",1322,264,OK
"('59.44342, 24.75007', '59.44347, 24.74369')",888,138,OK
"('59.37792, 24.70528', '59.37626, 24.71281')",465,50,OK
"('59.42989, 24.78634', '59.43101, 24.79267')",535,85,OK
"('59.43087, 24.63869', '59.43018, 24.65139')",738,65,OK
"('59.41339, 24.64028', '59.41281, 24.63785')",218,26,OK
"('59.45202, 24.71671', '59.44797, 24.71139')",542,82,OK
"('59.38147, 24.66414', '59.38438, 24.67297')",595,67,OK
"('59.41122, 24.64768', '59.41281, 24.63785')",631,73,OK
"('59.43564, 24.61243', '59.43165, 24.62185')",746,57,OK
"('59.42895, 24.7431', '59.42456, 24.74263')",1782,361,OK
"('59.43587, 24.86653', '59.43945, 24.87618')",792,123,OK
"('59.4577, 24.93757', '59.4562, 24.94652')",535,39,OK
"('59.43306, 24.73439', '59.43217, 24.74137')",500,94,OK
"('59.42781, 24.76492', '59.42796, 24.77531')",628,106,OK
"('59.44676, 24.59104', '59.44205, 24.59492')",577,48,OK
"('59.44291, 24.8471', '59.44216, 24.85441')",538,62,OK
"('59.43126, 24.71241', '59.43335, 24.71944')",463,60,OK
"('59.4358, 24.7564', '59.43618, 24.75149')",1254,234,OK
"('59.41375, 24.64023', '59.41576, 24.63969')",227,29,OK
"('59.38616, 24.67728', '59.38458, 24.6732')",291,26,OK
"('59.39189, 24.70847', '59.38871, 24.70191')",733,67,OK
"('59.43304, 24.74642', '59.4321, 24.73629')",613,87,OK
"('59.42031, 24.80981', '59.42285, 24.81199')",415,70,OK
"('59.45394, 24.70623', '59.45081, 24.70806')",677,97,OK
"('59.44652, 24.89653', '59.44534, 24.89062')",359,23,OK
"('59.40482, 24.6769', '59.40707, 24.68366')",529,83,OK
"('59.4262, 24.80102', '59.42656, 24.79662')",309,52,OK
"('59.45193, 24.58391', '59.45377, 24.5807')",273,24,OK
"('59.4238, 24.85649', '59.4263, 24.86749')",684,58,OK
"('59.45526, 24.68097', '59.4581, 24.67552')",437,39,OK
"('59.43315, 24.77774', '59.43435, 24.76788')",574,87,OK
"('59.38296, 24.67113', '59.38004, 24.66834')",468,52,OK
"('59.38307, 24.70572', '59.38569, 24.71223')",470,40,OK
"('59.45513, 24.68907', '59.45526, 24.68097')",487,47,OK
"('59.42754, 24.77773', '59.42989, 24.78634')",635,107,OK
"('59.42747, 24.72195', '59.42806, 24.74938')",1614,211,OK
"('59.43683, 24.82854', '59.44344, 24.82215')",820,71,OK
"('59.45309, 24.70323', '59.45364, 24.71262')",590,74,OK
"('59.43454, 24.7561', '59.43386, 24.75259')",538,216,OK
"('59.39707, 24.69844', '59.39894, 24.70589')",774,71,OK
"('59.38458, 24.6732', '59.38316, 24.66216')",710,82,OK
"('59.474, 24.93115', '59.47304, 24.94072')",556,55,OK
"('59.46357, 24.8271', '59.46066, 24.81761')",631,47,OK
"('59.40336, 24.66452', '59.40482, 24.6769')",725,101,OK
"('59.41759, 24.69394', '59.42219, 24.69833')",565,52,OK
"('59.44985, 24.73787', '59.44577, 24.74746')",749,78,OK
"('59.42697, 24.83782', '59.43054, 24.83457')",440,76,OK
"('59.43342, 24.82702', '59.43238, 24.81849')",501,57,OK
"('59.43934, 24.59772', '59.43612, 24.60118')",408,35,OK
"('59.47034, 24.83491', '59.46846, 24.83869')",498,59,OK
"('59.48102, 24.89007', '59.48442, 24.88425')",504,35,OK
"('59.45466, 24.68976', '59.45235, 24.69316')",326,35,OK
"('59.38974, 24.71098', '59.39147, 24.71904')",497,43,OK
"('59.41433, 24.71788', '59.41031, 24.71426')",492,56,OK
"('59.37538, 24.63456', '59.37347, 24.63353')",220,19,OK
"('59.42632, 24.85092', '59.43054, 24.84805')",497,63,OK
"('59.41922, 24.64261', '59.41646, 24.63966')",354,34,OK
"('59.3977, 24.71054', '59.40277, 24.70664')",849,139,OK
"('59.38131, 24.6634', '59.37844, 24.65443')",602,47,OK
"('59.42921, 24.61929', '59.43004, 24.6121')",419,31,OK
"('59.43306, 24.73439', '59.43235, 24.74206')",544,98,OK
"('59.42793, 24.7654', '59.43075, 24.75874')",705,115,OK
"('59.40789, 24.72484', '59.4105, 24.73147')",483,65,OK
"('59.37949, 24.63679', '59.38242, 24.63829')",337,30,OK
"('59.40319, 24.68757', '59.40707, 24.68366')",689,103,OK
"('59.42316, 24.79516', '59.4201, 24.79391')",928,144,OK
"('59.43352, 24.75195', '59.43531, 24.75867')",528,186,OK
"('59.38458, 24.6732', '59.38296, 24.67113')",294,53,OK
"('59.42416, 24.78808', '59.42507, 24.79489')",399,35,OK
"('59.41821, 24.65122', '59.41922, 24.64261')",625,79,OK
"('59.44604, 24.71738', '59.44399, 24.72246')",369,35,OK
"('59.45783, 24.67583', '59.45504, 24.68129')",438,42,OK
"('59.42816, 24.77695', '59.43163, 24.76849')",614,79,OK
"('59.42829, 24.70912', '59.42747, 24.72195')",747,98,OK
"('59.4193, 24.83074', '59.42105, 24.82538')",360,30,OK
"('59.43576, 24.75095', '59.43618, 24.75149')",461,94,OK
"('59.4508, 24.72308', '59.45102, 24.72792')",284,25,OK
"('59.42806, 24.74938', '59.43075, 24.75874')",678,89,OK
"('59.4346, 24.75235', '59.43671, 24.75754')",752,185,OK
"('59.39767, 24.72609', '59.39105, 24.72157')",787,66,OK
"('59.42645, 24.63231', '59.42394, 24.6425')",792,90,OK
"('59.37024, 24.63194', '59.37285, 24.6333')",300,27,OK
"('59.44684, 24.69106', '59.44383, 24.68727')",545,110,OK
"('59.45293, 24.80824', '59.45745, 24.8119')",546,36,OK
"('59.43842, 24.71674', '59.44119, 24.71317')",402,45,OK
"('59.45131, 24.84782', '59.45219, 24.83831')",549,45,OK
"('59.41906, 24.75412', '59.42084, 24.76441')",635,48,OK
"('59.41401, 24.67238', '59.4165, 24.67841')",440,34,OK
"('59.44344, 24.82215', '59.44841, 24.82869')",940,89,OK
"('59.43582, 24.829', '59.43495, 24.83821')",665,95,OK
"('59.41567, 24.86108', '59.41613, 24.86524')",267,42,OK
"('59.41905, 24.83109', '59.41647, 24.83879')",522,40,OK
"('59.4346, 24.75235', '59.43437, 24.75576')",346,106,OK
"('59.42781, 24.76492', '59.42679, 24.77312')",480,84,OK
"('59.44912, 24.89177', '59.45067, 24.89794')",771,75,OK
"('59.45032, 24.70946', '59.45332, 24.70439')",703,167,OK
"('59.40682, 24.68309', '59.40481, 24.67531')",565,81,OK
"('59.39885, 24.68427', '59.39971, 24.69021')",353,36,OK
"('59.44702, 24.60528', '59.44448, 24.61315')",598,51,OK
"('59.41945, 24.6459', '59.41683, 24.6526')",511,60,OK
"('59.38823, 24.71827', '59.38531, 24.71101')",524,47,OK
"('59.44932, 24.88098', '59.44877, 24.89081')",681,81,OK
"('59.42629, 24.79754', '59.42812, 24.79209')",369,64,OK
"('59.4053, 24.71786', '59.40789, 24.72484')",534,59,OK
"('59.35971, 24.6304', '59.36576, 24.63253')",777,91,OK
"('59.4886, 24.85869', '59.48343, 24.85972')",827,85,OK
"('59.41132, 24.68821', '59.41482, 24.69138')",429,49,OK
"('59.40176, 24.66069', '59.39956, 24.66084')",311,41,OK
"('59.43004, 24.6121', '59.43164, 24.60062')",673,42,OK
"('59.41031, 24.71426', '59.40521, 24.7092')",636,59,OK
"('59.40821, 24.80799', '59.40794, 24.8109')",199,34,OK
"('59.39919, 24.68023', '59.39885, 24.68427')",465,111,OK
"('59.43544, 24.72077', '59.4346, 24.72604')",406,69,OK
"('59.44374, 24.82827', '59.44434, 24.81334')",1205,128,OK
"('59.4288, 24.7316', '59.43148, 24.73952')",541,52,OK
"('59.37771, 24.70651', '59.38049, 24.69884')",1702,204,OK
"('59.4339, 24.75177', '59.43304, 24.74642')",438,118,OK
"('59.38781, 24.683', '59.38616, 24.67728')",608,145,OK
"('59.4356, 24.76103', '59.43711, 24.75866')",467,137,OK
"('59.41586, 24.85865', '59.41587, 24.8514')",410,28,OK
"('59.44291, 24.8471', '59.4382, 24.85132')",645,85,OK
"('59.45567, 24.57797', '59.45969, 24.5729')",533,60,OK
"('59.44123, 24.7403', '59.44347, 24.75011')",2385,345,OK
"('59.42293, 24.78878', '59.42416, 24.78808')",295,38,OK
"('59.36528, 24.62924', '59.36084, 24.61285')",1294,132,OK
"('59.45452, 24.88412', '59.45262, 24.88976')",382,32,OK
"('59.41049, 24.66565', '59.40313, 24.66947')",986,100,OK
"('59.43163, 24.76849', '59.43102, 24.76046')",587,95,OK
"('59.40836, 24.70411', '59.41336, 24.70824')",602,57,OK
"('59.42507, 24.79489', '59.42586, 24.80173')",520,124,OK
"('59.42679, 24.77312', '59.42793, 24.7654')",455,111,OK
"('59.41132, 24.68821', '59.43251, 24.74267')",4522,497,OK
"('59.37343, 24.71812', '59.37791, 24.71786')",488,61,OK
"('59.39968, 24.66084', '59.40113, 24.65774')",348,57,OK
"('59.40275, 24.69749', '59.40319, 24.68757')",679,72,OK
"('59.4362, 24.72806', '59.43379, 24.72107')",910,144,OK
"('59.43368, 24.75282', '59.43304, 24.74642')",408,74,OK
"('59.42046, 24.64684', '59.41945, 24.6459')",195,56,OK
"('59.45648, 24.81028', '59.45177, 24.80693')",557,37,OK
"('59.40521, 24.7092', '59.40277, 24.70664')",310,66,OK
"('59.43726, 24.75833', '59.43547, 24.74967')",1282,260,OK
"('59.4581, 24.67552', '59.45979, 24.67187')",280,24,OK
"('59.43465, 24.83473', '59.43487, 24.83045')",308,46,OK
"('59.43465, 24.83473', '59.43342, 24.82702')",459,81,OK
"('59.43526, 24.7982', '59.43253, 24.78202')",1743,195,OK
"('59.42988, 24.70637', '59.42945, 24.69915')",429,45,OK
"('59.41259, 24.70873', '59.41097, 24.71607')",453,56,OK
"('59.49647, 24.9113', '59.4908, 24.91534')",772,63,OK
"('59.4451, 24.79787', '59.44205, 24.78883')",654,81,OK
"('59.36749, 24.75649', '59.37627, 24.74294')",1356,113,OK
"('59.37627, 24.74294', '59.37589, 24.73355')",534,41,OK
"('59.43842, 24.71674', '59.44157, 24.7136')",393,43,OK
"('59.45111, 24.83336', '59.45178, 24.83969')",507,43,OK
"('59.41118, 24.66614', '59.41401, 24.67238')",475,51,OK
"('59.37557, 24.72706', '59.37588, 24.73388')",388,29,OK
"('59.43546, 24.71205', '59.43062, 24.71818')",643,85,OK
"('59.41419, 24.73841', '59.42374, 24.74287')",1107,117,OK
"('59.45044, 24.86073', '59.45411, 24.86266')",544,55,OK
"('59.4228, 24.74592', '59.42023, 24.74053')",520,79,OK
"('59.46045, 24.67007', '59.45731, 24.6766')",510,49,OK
"('59.43644, 24.85806', '59.43635, 24.84596')",852,105,OK
"('59.42651, 24.7964', '59.42488, 24.79689')",2055,300,OK
"('59.46846, 24.83869', '59.46792, 24.86614')",1661,118,OK
"('59.42624, 24.86666', '59.42401, 24.85646')",631,53,OK
"('59.44881, 24.59042', '59.44676, 24.59104')",246,28,OK
"('59.44002, 24.84479', '59.44134, 24.86183')",980,51,OK
"('59.40308, 24.68743', '59.40312, 24.69886')",820,115,OK
"('59.44535, 24.87959', '59.44638, 24.88651')",415,47,OK
"('59.42075, 24.72354', '59.41745, 24.72066')",403,43,OK
"('59.39467, 24.64428', '59.40103, 24.64833')",781,73,OK
"('59.45115, 24.72722', '59.45095, 24.72175')",339,33,OK
"('59.38531, 24.71101', '59.38261, 24.70436')",483,37,OK
"('59.44218, 24.88338', '59.44363, 24.88089')",415,60,OK
"('59.42038, 24.7298', '59.41461, 24.73251')",660,54,OK
"('59.4449, 24.89665', '59.44652, 24.89653')",495,70,OK
"('59.41168, 24.66345', '59.41553, 24.65547')",665,71,OK
"('59.43582, 24.829', '59.43342, 24.82702')",441,61,OK
"('59.44429, 24.89672', '59.44912, 24.89177')",973,138,OK
"('59.44073, 24.80795', '59.44502, 24.8156')",762,84,OK
"('59.46076, 24.90515', '59.44877, 24.89081')",1684,138,OK
"('59.43642, 24.75725', '59.43319, 24.76136')",506,139,OK
"('59.43554, 24.86399', '59.43644, 24.85806')",501,64,OK
"('59.40628, 24.81604', '59.40802, 24.81109')",408,62,OK
"('59.43563, 24.81826', '59.42984, 24.80634')",956,113,OK
"('59.41252, 24.7071', '59.40773, 24.70305')",580,52,OK
"('59.35347, 24.62933', '59.35137, 24.62143')",629,64,OK
"('59.43354, 24.76246', '59.43726, 24.75833')",754,253,OK
"('59.4363, 24.75226', '59.43782, 24.75364')",257,59,OK
"('59.43855, 24.81988', '59.43563, 24.81826')",443,82,OK
"('59.4346, 24.72604', '59.43491, 24.73149')",313,32,OK
"('59.45912, 24.84616', '59.45828, 24.85381')",438,33,OK
"('59.40277, 24.70664', '59.39902, 24.7057')",425,47,OK
"('59.42806, 24.74938', '59.42893, 24.75874')",562,60,OK
"('59.44019, 24.70737', '59.44311, 24.70431')",368,35,OK
"('59.4482, 24.82699', '59.44322, 24.82953')",810,76,OK
"('59.40132, 24.65998', '59.40336, 24.66452')",342,42,OK
"('59.41275, 24.63655', '59.41224, 24.63969')",184,23,OK
"('59.37611, 24.64903', '59.37579, 24.64889')",47,8,OK
"('59.44311, 24.88244', '59.44475, 24.88949')",439,36,OK
"('59.42893, 24.6797', '59.42822, 24.67334')",369,21,OK
"('59.44085, 24.71325', '59.43766, 24.71748')",477,51,OK
"('59.40798, 24.6869', '59.40637, 24.6952')",503,51,OK
"('59.38828, 24.71926', '59.39261, 24.72377')",560,55,OK
"('59.42272, 24.71539', '59.41932, 24.71243')",414,35,OK
"('59.45249, 24.89046', '59.45483, 24.87905')",735,74,OK
"('59.4441, 24.68813', '59.44395, 24.69468')",365,61,OK
"('59.44383, 24.68727', '59.44029, 24.69903')",954,112,OK
"('59.44811, 24.6966', '59.45309, 24.70323')",675,106,OK
"('59.43164, 24.60062', '59.43326, 24.59223')",520,36,OK
"('59.45589, 24.69916', '59.45313, 24.70305')",493,65,OK
"('59.43762, 24.75321', '59.43606, 24.75113')",225,52,OK
"('59.36136, 24.6138', '59.36084, 24.61285')",77,8,OK
"('59.46926, 24.71643', '59.46004, 24.70344')",1272,143,OK
"('59.44355, 24.80015', '59.44205, 24.78883')",682,107,OK
"('59.45993, 24.70436', '59.4637, 24.70162')",729,99,OK
"('59.4416, 24.73275', '59.44105, 24.73843')",545,124,OK
"('59.45221, 24.7185', '59.44901, 24.72569')",540,55,OK
"('59.44986, 24.72418', '59.45297, 24.71698')",534,50,OK
"('59.43554, 24.79841', '59.43328, 24.79722')",274,26,OK
"('59.44347, 24.74369', '59.44109, 24.73788')",416,64,OK
"('59.41103, 24.73226', '59.40781, 24.7236')",634,62,OK
"('59.44638, 24.88651', '59.44781, 24.89321')",427,59,OK
"('59.35149, 24.61049', '59.35687, 24.61121')",704,78,OK
"('59.38697, 24.69114', '59.38928, 24.70232')",746,67,OK
"('59.40614, 24.6519', '59.40335, 24.65627')",399,87,OK
"('59.4413, 24.85843', '59.4382, 24.85132')",766,72,OK
"('59.41102, 24.64775', '59.41402, 24.65407')",500,62,OK
"('59.40319, 24.68757', '59.40481, 24.67531')",744,106,OK
"('59.43711, 24.76158', '59.43901, 24.77643')",868,121,OK
"('59.41467, 24.68887', '59.41694, 24.67974')",573,51,OK
"('59.41124, 24.80213', '59.40821, 24.80799')",525,58,OK
"('59.39714, 24.71033', '59.4014, 24.71112')",476,60,OK
"('59.42919, 24.7295', '59.42801, 24.72033')",615,77,OK
"('59.40336, 24.66452', '59.40313, 24.66947')",375,56,OK
"('59.50806, 24.8316', '59.50906, 24.83017')",216,47,OK
"('59.43075, 24.75874', '59.43531, 24.75867')",867,191,OK
"('59.42492, 24.74769', '59.42558, 24.74899')",227,64,OK
"('59.37715, 24.71772', '59.37557, 24.72706')",743,91,OK
"('59.4321, 24.73629', '59.43427, 24.73352')",297,38,OK
"('59.42989, 24.78634', '59.42805, 24.7919')",373,62,OK
"('59.45364, 24.71262', '59.45202, 24.71671')",397,40,OK
"('59.44316, 24.87191', '59.44342, 24.85946')",913,122,OK
"('59.42781, 24.76492', '59.42683, 24.77097')",380,57,OK
"('59.44707, 24.70033', '59.4493, 24.69793')",282,33,OK
"('59.43722, 24.6273', '59.44007, 24.6231')",400,30,OK
"('59.39893, 24.68232', '59.39548, 24.68356')",483,58,OK
"('59.37914, 24.69354', '59.37752, 24.68545')",492,38,OK
"('59.39894, 24.70589', '59.40243, 24.70656')",395,46,OK
"('59.44954, 24.69942', '59.45309, 24.70323')",490,101,OK
"('59.43335, 24.71944', '59.4346, 24.72604')",405,49,OK
"('59.48675, 24.84129', '59.48908, 24.85012')",885,92,OK
"('59.43563, 24.81826', '59.43199, 24.814')",795,103,OK
"('59.44134, 24.86183', '59.44848, 24.86223')",1083,138,OK
"('59.34141, 24.61678', '59.34459, 24.6224')",2625,194,OK
"('59.44357, 24.77992', '59.44131, 24.76954')",638,89,OK
"('59.44037, 24.84323', '59.43985, 24.83077')",707,36,OK
"('59.45306, 24.70464', '59.45006, 24.70975')",891,154,OK
"('59.42777, 24.71901', '59.42898, 24.70719')",692,64,OK
"('59.43235, 24.74206', '59.43352, 24.75195')",628,122,OK
"('59.41647, 24.83879', '59.41565, 24.84427')",325,30,OK
"('59.37302, 24.6439', '59.37618, 24.64985')",487,36,OK
"('59.45006, 24.70975', '59.44604, 24.71738')",654,111,OK
"('59.43575, 24.85807', '59.43587, 24.86653')",590,76,OK
"('59.40366, 24.65453', '59.39969, 24.64591')",677,69,OK
"('59.43352, 24.75195', '59.4288, 24.75253')",1683,396,OK
"('59.40682, 24.68309', '59.40308, 24.68743')",663,97,OK
"('59.48027, 24.85507', '59.48402, 24.86055')",528,42,OK
"('59.40968, 24.73665', '59.42908, 24.74352')",2215,251,OK
"('59.37585, 24.67716', '59.37293, 24.6646')",787,65,OK
"('59.41544, 24.73956', '59.40921, 24.73565')",732,69,OK
"('59.43386, 24.75259', '59.43531, 24.75867')",486,137,OK
"('59.37752, 24.68545', '59.37585, 24.67716')",505,41,OK
"('59.37947, 24.6952', '59.38088, 24.70038')",332,30,OK
"('59.42161, 24.77381', '59.41296, 24.75794')",1354,71,OK
"('59.41432, 24.68943', '59.41759, 24.69394')",498,88,OK
"('59.37293, 24.6646', '59.36751, 24.65039')",1009,79,OK
"('59.44165, 24.73218', '59.44209, 24.72867')",526,105,OK
"('59.43386, 24.75259', '59.43535, 24.75839')",470,134,OK
"('59.443, 24.88151', '59.44535, 24.87959')",831,123,OK
"('59.44344, 24.82215', '59.44434, 24.81334')",771,83,OK
"('59.43581, 24.58196', '59.43245, 24.59445')",808,53,OK
"('59.41633, 24.65641', '59.4182, 24.65376')",256,19,OK
"('59.44912, 24.89177', '59.44953, 24.88037')",718,91,OK
"('59.43711, 24.75862', '59.43712, 24.76218')",201,31,OK
"('59.42478, 24.65077', '59.42055, 24.65025')",773,102,OK
"('59.43088, 24.7182', '59.43311, 24.71573')",284,48,OK
"('59.4184, 24.72177', '59.42174, 24.72466')",404,40,OK
"('59.46943, 24.90873', '59.47018, 24.90215')",726,69,OK
"('59.47295, 24.89841', '59.47251, 24.88414')",915,74,OK
"('59.4686, 24.83999', '59.46672, 24.83266')",568,111,OK
"('59.40461, 24.61551', '59.40475, 24.62897')",850,108,OK
"('59.43901, 24.77643', '59.44083, 24.78666')",611,63,OK
"('59.34184, 24.6157', '59.34141, 24.61678')",1827,181,OK
"('59.43211, 24.81311', '59.42984, 24.80634')",515,52,OK
"('59.4257, 24.79719', '59.42263, 24.78577')",947,116,OK
"('59.44912, 24.89177', '59.45249, 24.89046')",457,51,OK
"('59.4267, 24.81422', '59.42638, 24.8072')",399,40,OK
"('59.41576, 24.63969', '59.41944, 24.64545')",573,62,OK
"('59.37367, 24.6672', '59.376, 24.67868')",701,61,OK
"('59.45745, 24.8119', '59.4585, 24.82001')",684,52,OK
"('59.44856, 24.69161', '59.44684, 24.69106')",240,57,OK
"('59.42459, 24.71737', '59.42801, 24.72033')",417,72,OK
"('59.43319, 24.76136', '59.4316, 24.76755')",392,69,OK
"('59.40243, 24.70656', '59.40574, 24.71013')",424,75,OK
"('59.43694, 24.57434', '59.43581, 24.58196')",459,29,OK
"('59.44193, 24.7291', '59.4416, 24.73275')",2444,391,OK
"('59.43321, 24.74426', '59.42478, 24.65077')",5575,507,OK
"('59.42655, 24.63247', '59.42917, 24.62579')",480,42,OK
"('59.44322, 24.82953', '59.44401, 24.83974')",633,52,OK
"('59.41341, 24.73677', '59.41103, 24.73226')",368,52,OK
"('59.44765, 24.72887', '59.44464, 24.73711')",581,75,OK
"('59.42126, 24.76924', '59.42122, 24.76395')",307,39,OK
"('59.42284, 24.77095', '59.42679, 24.77312')",606,99,OK
"('59.45651, 24.94503', '59.45758, 24.93861')",385,29,OK
"('59.45122, 24.84953', '59.45411, 24.86266')",999,117,OK
"('59.42105, 24.82538', '59.42236, 24.82114')",281,23,OK
"('59.41569, 24.85379', '59.41567, 24.86108')",413,27,OK
"('59.40475, 24.62897', '59.40452, 24.634')",286,39,OK
"('59.42823, 24.74232', '59.40921, 24.73565')",2172,218,OK
"('59.47678, 24.91898', '59.47294, 24.91241')",577,46,OK
"('59.435, 24.75569', '59.42893, 24.75874')",896,206,OK
"('59.4208, 24.82578', '59.41905, 24.83109')",358,29,OK
"('59.41137, 24.71459', '59.41252, 24.7071')",488,76,OK
"('59.41588, 24.84328', '59.41681, 24.83822')",316,27,OK
"('59.43595, 24.75667', '59.43618, 24.75149')",1346,260,OK
"('59.42883, 24.62016', '59.4281, 24.62591')",1036,116,OK
"('59.41402, 24.65407', '59.41542, 24.65624')",219,29,OK
"('59.39956, 24.66084', '59.39761, 24.66328')",258,36,OK
"('59.42898, 24.70719', '59.4254, 24.70077')",633,76,OK
"('59.43839, 24.77034', '59.43746, 24.76375')",382,65,OK
"('59.36084, 24.61285', '59.3562, 24.61096')",526,46,OK
"('59.40243, 24.70656', '59.40028, 24.71106')",522,102,OK
"('59.41402, 24.65407', '59.41821, 24.65122')",582,65,OK
"('59.40103, 24.64833', '59.40335, 24.65627')",599,75,OK
"('59.39799, 24.67658', '59.39885, 24.68427')",449,72,OK
"('59.39247, 24.67281', '59.38746, 24.68674')",1085,155,OK
"('59.44209, 24.72867', '59.44421, 24.72213')",3069,376,OK
"('59.43465, 24.83473', '59.43855, 24.81988')",1146,150,OK
"('59.41944, 24.64545', '59.41922, 24.64261')",394,62,OK
"('59.44625, 24.71702', '59.45032, 24.70946')",2104,318,OK
"('59.45027, 24.7363', '59.45115, 24.72722')",524,45,OK
"('59.36482, 24.63642', '59.36, 24.62988')",725,58,OK
"('59.44781, 24.89321', '59.4449, 24.89665')",797,110,OK
"('59.44946, 24.8682', '59.44786, 24.8604')",477,83,OK
"('59.42394, 24.6425', '59.4237, 24.64863')",1410,237,OK
"('59.4091, 24.72482', '59.41137, 24.71459')",631,66,OK
"('59.40029, 24.67115', '59.40368, 24.6659')",628,78,OK
"('59.44592, 24.70108', '59.44275, 24.70435')",401,47,OK
"('59.4643, 24.82934', '59.46721, 24.83382')",412,32,OK
"('59.4044, 24.65646', '59.41049, 24.66565')",908,110,OK
"('59.47699, 24.92068', '59.474, 24.93115')",678,63,OK
"('59.42448, 24.78432', '59.4201, 24.79391')",802,132,OK
"('59.44748, 24.89134', '59.44635, 24.88588')",333,42,OK
"('59.4413, 24.85843', '59.44037, 24.84323')",872,45,OK
"('59.43396, 24.74633', '59.42755, 24.74838')",1203,208,OK
"('59.43548, 24.75959', '59.43352, 24.75195')",585,122,OK
"('59.43052, 24.83396', '59.42853, 24.83569')",242,55,OK
"('59.37589, 24.73355', '59.37562, 24.72597')",430,32,OK
"('59.44502, 24.8156', '59.4418, 24.82284')",715,65,OK
"('59.37752, 24.68545', '59.37652, 24.67761')",513,46,OK
"('59.45072, 24.83306', '59.4482, 24.82699')",489,40,OK
"('59.44216, 24.85441', '59.44375, 24.86183')",455,40,OK
"('59.42747, 24.65513', '59.43026, 24.65105')",443,76,OK
"('59.42682, 24.81387', '59.42655, 24.80768')",349,35,OK
"('59.40296, 24.70772', '59.40234, 24.7185')",626,63,OK
"('59.43777, 24.81895', '59.43602, 24.81168')",622,89,OK
"('59.41944, 24.64545', '59.42043, 24.64478')",266,52,OK
"('59.44816, 24.8033', '59.45293, 24.80824')",603,46,OK
"('59.48625, 24.88226', '59.49074, 24.87911')",599,68,OK
"('59.42853, 24.83569', '59.41588, 24.84328')",1558,127,OK
"('59.44781, 24.86215', '59.44241, 24.86513')",687,91,OK
"('59.37947, 24.6952', '59.38029, 24.70017')",333,32,OK
"('59.40707, 24.68366', '59.40798, 24.6869')",268,42,OK
"('59.4288, 24.7316', '59.43251, 24.74267')",757,79,OK
"('59.45221, 24.7185', '59.4508, 24.72308')",327,34,OK
"('59.41932, 24.71243', '59.41459, 24.70867')",568,46,OK
"('59.43072, 24.79219', '59.42997, 24.78653')",490,75,OK
"('59.47126, 24.87714', '59.47256, 24.88489')",461,38,OK
"('59.43951, 24.83268', '59.44002, 24.84479')",685,36,OK
"('59.47853, 24.84894', '59.47364, 24.83701')",1629,164,OK
"('59.43546, 24.71205', '59.43335, 24.71944')",599,95,OK
"('59.45804, 24.67541', '59.45974, 24.67175')",281,24,OK
"('59.37599, 24.63499', '59.37949, 24.63679')",402,35,OK
"('59.45297, 24.71698', '59.4538, 24.71167')",322,28,OK
"('59.39968, 24.66084', '59.40132, 24.65998')",231,28,OK
"('59.38088, 24.70038', '59.40968, 24.73665')",3953,370,OK
"('59.44382, 24.75125', '59.43988, 24.73786')",1173,144,OK
"('59.42085, 24.79939', '59.41814, 24.79954')",591,139,OK
"('59.46672, 24.83266', '59.46357, 24.8271')",499,69,OK
"('59.4418, 24.82284', '59.43582, 24.829')",752,74,OK
"('59.42285, 24.81199', '59.42212, 24.82092')",517,41,OK
"('59.4805, 24.89078', '59.47452, 24.89646')",748,53,OK
"('59.43384, 24.56078', '59.4338, 24.56393')",373,46,OK
"('59.43052, 24.83396', '59.42713, 24.82017')",1010,100,OK
"('59.42448, 24.78432', '59.42271, 24.78911')",390,74,OK
"('59.43088, 24.7182', '59.43335, 24.71944')",402,62,OK
"('59.45403, 24.8619', '59.45131, 24.84782')",1035,110,OK
"('59.37868, 24.65534', '59.38147, 24.66414')",589,47,OK
"('59.38651, 24.64639', '59.38406, 24.65209')",420,34,OK
"('59.39761, 24.66328', '59.397, 24.66864')",738,308,OK
"('59.41683, 24.6526', '59.41328, 24.65295')",441,50,OK
"('59.44382, 24.75125', '59.44641, 24.74673')",483,55,OK
"('59.43465, 24.83473', '59.43328, 24.83136')",314,63,OK
"('59.46792, 24.86614', '59.47126, 24.87714')",745,57,OK
"('59.3869, 24.69007', '59.38878, 24.6833')",492,83,OK
"('59.42655, 24.63247', '59.4282, 24.62542')",439,36,OK
"('59.41103, 24.73226', '59.4091, 24.72482')",551,53,OK
"('59.44502, 24.8156', '59.44841, 24.82869')",846,86,OK
"('59.41821, 24.65122', '59.42043, 24.64478')",496,69,OK
"('59.44705, 24.59121', '59.44878, 24.59003')",217,18,OK
"('59.4201, 24.79391', '59.41821, 24.79905')",466,81,OK
"('59.40837, 24.80627', '59.41646, 24.79659')",1053,80,OK
"('59.4538, 24.71167', '59.45394, 24.70623')",308,26,OK
"('59.38692, 24.71807', '59.39261, 24.72377')",728,78,OK
"('59.4033, 24.66965', '59.41118, 24.66614')",1065,137,OK
"('59.43794, 24.81773', '59.43563, 24.81826')",409,80,OK
"('59.4449, 24.89665', '59.4436, 24.89001')",3814,388,OK
"('59.43379, 24.72107', '59.43311, 24.71573')",342,64,OK
"('59.40968, 24.73665', '59.41495, 24.73992')",614,54,OK
"('59.45984, 24.92823', '59.4577, 24.93757')",579,43,OK
"('59.48401, 24.88451', '59.48104, 24.89062')",491,43,OK
"('59.42074, 24.77166', '59.42416, 24.78808')",1307,125,OK
"('59.43609, 24.72016', '59.43842, 24.71674')",326,40,OK
"('59.43192, 24.76757', '59.43354, 24.76246')",792,186,OK
"('59.43328, 24.79722', '59.43072, 24.79219')",415,51,OK
"('59.43323, 24.74397', '59.4321, 24.73629')",472,64,OK
"('59.43126, 24.71241', '59.43311, 24.71573')",327,45,OK
"('59.41378, 24.67153', '59.4126, 24.66862')",211,20,OK
"('59.38261, 24.70436', '59.38049, 24.69884')",1532,176,OK
"('59.48993, 24.83482', '59.49239, 24.8292')",424,27,OK
"('59.39528, 24.67334', '59.40029, 24.67115')",584,62,OK
"('59.43547, 24.74967', '59.43322, 24.74579')",344,67,OK
"('59.44306, 24.76665', '59.44421, 24.76061')",1697,317,OK
"('59.4288, 24.75253', '59.42755, 24.74838')",323,46,OK
"('59.45914, 24.57318', '59.45572, 24.57786')",463,57,OK
"('59.42667, 24.74168', '59.42288, 24.74234')",463,60,OK
"('59.43022, 24.73629', '59.42919, 24.7295')",1458,216,OK
"('59.43427, 24.73352', '59.4362, 24.72806')",549,93,OK
"('59.45509, 24.68924', '59.45489, 24.68169')",434,41,OK
"('59.39971, 24.69021', '59.40319, 24.68757')",782,92,OK
"('59.4383, 24.76981', '59.43746, 24.76375')",353,61,OK
"('59.42489, 24.79696', '59.42656, 24.79662')",620,124,OK
"('59.41066, 24.687', '59.40682, 24.68309')",481,82,OK
"('59.44732, 24.89711', '59.44912, 24.89177')",431,55,OK
"('59.38028, 24.7177', '59.38508, 24.71762')",534,37,OK
"('59.44288, 24.87581', '59.443, 24.88151')",324,31,OK
"('59.44421, 24.72213', '59.44625, 24.71702')",2450,337,OK
"('59.44316, 24.87191', '59.44241, 24.86513')",393,64,OK
"('59.43052, 24.83396', '59.42941, 24.84011')",631,115,OK
"('59.45953, 24.67216', '59.45783, 24.67583')",281,25,OK
"('59.47919, 24.92417', '59.47678, 24.91898')",397,29,OK
"('59.48104, 24.89062', '59.48442, 24.88425')",540,50,OK
"('59.45296, 24.90532', '59.45077, 24.89706')",555,59,OK
"('59.47304, 24.94072', '59.47495, 24.95111')",627,67,OK
"('59.44676, 24.59104', '59.44269, 24.59528')",574,49,OK
"('59.42643, 24.65805', '59.42478, 24.65077')",451,42,OK
"('59.43562, 24.8064', '59.43526, 24.7982')",476,25,OK
"('59.37562, 24.72597', '59.37791, 24.71786')",756,103,OK
"('59.48908, 24.85012', '59.4886, 24.85869')",501,51,OK
"('59.44461, 24.76014', '59.4427, 24.76475')",1853,378,OK
"('59.48969, 24.8756', '59.49042, 24.88012')",341,36,OK
"('59.43985, 24.83077', '59.43868, 24.81715')",793,41,OK
"('59.44375, 24.86183', '59.44288, 24.87581')",1029,120,OK
"('59.43323, 24.74397', '59.43022, 24.73629')",1711,217,OK
"('59.42374, 24.74287', '59.42755, 24.74838')",748,112,OK
"('59.40836, 24.70411', '59.43251, 24.74267')",3726,387,OK
"('59.43281, 24.74713', '59.4339, 24.75177')",339,129,OK
"('59.42953, 24.69245', '59.42829, 24.70912')",966,109,OK
"('59.4054, 24.6686', '59.41168, 24.66345')",924,119,OK
"('59.35164, 24.61323', '59.35687, 24.61121')",821,92,OK
"('59.46019, 24.90472', '59.47018, 24.90215')",1162,114,OK
"('59.44286, 24.78875', '59.44357, 24.77992')",508,61,OK
"('59.40368, 24.6659', '59.40176, 24.66069')",372,44,OK
"('59.42463, 24.74269', '59.42908, 24.74352')",508,92,OK
"('59.45403, 24.8619', '59.4504, 24.86019')",511,59,OK
"('59.4482, 24.82699', '59.4418, 24.82284')",1179,117,OK
"('59.44038, 24.7549', '59.43642, 24.75725')",1864,325,OK
"('59.41683, 24.6526', '59.41542, 24.65624')",366,42,OK
"('59.39105, 24.72157', '59.38823, 24.71827')",378,37,OK
"('59.43945, 24.87618', '59.44146, 24.88034')",384,55,OK
"('59.4165, 24.67841', '59.41432, 24.68943')",721,76,OK
"('59.43582, 24.829', '59.43328, 24.83136')",312,59,OK
"('59.45102, 24.72792', '59.44985, 24.73787')",582,50,OK
"('59.45861, 24.82012', '59.46075, 24.81995')",379,34,OK
"('59.42036, 24.8089', '59.42082, 24.80232')",438,88,OK
"('59.4686, 24.83999', '59.47109, 24.8357')",657,82,OK
"('59.4299, 24.61288', '59.42883, 24.62016')",430,36,OK
"('59.376, 24.67868', '59.37759, 24.68654')",479,39,OK
"('59.39663, 24.70986', '59.3955, 24.71556')",652,108,OK
"('59.39919, 24.68023', '59.3989, 24.68361')",427,98,OK
"('59.46721, 24.83382', '59.46846, 24.83869')",375,43,OK
"('59.39237, 24.66346', '59.3968, 24.66373')",517,62,OK
"('59.44901, 24.72569', '59.44765, 24.72887')",235,27,OK
"('59.42919, 24.7295', '59.42777, 24.71901')",644,81,OK
"('59.43214, 24.71359', '59.4284, 24.70343')",716,86,OK
"('59.44347, 24.75011', '59.44038, 24.7549')",453,59,OK
"('59.43642, 24.84784', '59.43575, 24.85807')",775,84,OK
"('59.45502, 24.87129', '59.45798, 24.86105')",696,59,OK
"('59.41542, 24.65624', '59.41049, 24.66565')",783,88,OK
"('59.43304, 24.74642', '59.43022, 24.73629')",1852,240,OK
"('59.42941, 24.84011', '59.42888, 24.83702')",184,49,OK
"('59.44612, 24.6994', '59.44592, 24.70108')",182,48,OK
"('59.48343, 24.85972', '59.48013, 24.85461')",476,37,OK
"('59.40466, 24.65491', '59.40555, 24.65317')",150,23,OK
"('59.43602, 24.81168', '59.43562, 24.8064')",408,47,OK
"('59.42651, 24.7964', '59.42646, 24.80806')",1115,200,OK
"('59.44083, 24.78666', '59.44232, 24.79074')",307,45,OK
"('59.39991, 24.67195', '59.39999, 24.67953')",512,63,OK
"('59.45828, 24.85381', '59.45803, 24.86239')",484,40,OK
"('59.45313, 24.70305', '59.44941, 24.69903')",474,56,OK
"('59.42122, 24.76395', '59.41964, 24.75139')",836,74,OK
"('59.42643, 24.65805', '59.42747, 24.65513')",276,72,OK
"('59.42401, 24.85646', '59.42632, 24.85092')",507,47,OK
"('59.40982, 24.73606', '59.41444, 24.73943')",623,72,OK
"('59.43723, 24.75838', '59.43353, 24.76231')",825,177,OK
"('59.41495, 24.73992', '59.4228, 24.74592')",1166,117,OK
"('59.38707, 24.71791', '59.38434, 24.71738')",309,23,OK
"('59.45504, 24.68129', '59.45511, 24.68961')",612,73,OK
"('59.44588, 24.8981', '59.44497, 24.89803')",140,20,OK
"('59.40773, 24.70305', '59.40275, 24.69749')",644,79,OK
"('59.35123, 24.62355', '59.35044, 24.62691')",289,39,OK
"('59.44002, 24.84479', '59.44288, 24.87581')",1794,96,OK
"('59.47034, 24.83491', '59.46672, 24.83266')",465,81,OK
"('59.39299, 24.66296', '59.39247, 24.67281')",707,72,OK
"('59.44326, 24.80566', '59.44355, 24.80015')",314,24,OK
"('59.4288, 24.75253', '59.42777, 24.71901')",2026,237,OK
"('59.42621, 24.65889', '59.42778, 24.67261')",801,54,OK
"('59.45364, 24.71262', '59.45221, 24.7185')",386,36,OK
"('59.44134, 24.86183', '59.44288, 24.87581')",815,45,OK
"('59.43604, 24.79871', '59.43807, 24.80239')",329,53,OK
"('59.46217, 24.8249', '59.4643, 24.82934')",344,34,OK
"('59.35603, 24.63109', '59.35971, 24.6304')",411,41,OK
"('59.42829, 24.70912', '59.42768, 24.7137')",267,27,OK
"('59.42212, 24.82092', '59.4208, 24.82578')",315,26,OK
"('59.38928, 24.70232', '59.39223, 24.70859')",699,73,OK
"('59.49099, 24.88066', '59.4941, 24.89382')",852,64,OK
"('59.38878, 24.6833', '59.39259, 24.67334')",778,77,OK
"('59.42929, 24.69814', '59.42829, 24.70912')",649,90,OK
"('59.39761, 24.66328', '59.39299, 24.66296')",1517,331,OK
"('59.43868, 24.81715', '59.43562, 24.8064')",694,36,OK
"('59.39968, 24.66084', '59.40466, 24.65491')",648,107,OK
"('59.41843, 24.79845', '59.41124, 24.80213')",1012,147,OK
"('59.43878, 24.85124', '59.44365, 24.84685')",666,85,OK
"('59.44941, 24.69903', '59.44592, 24.70108')",459,72,OK
"('59.42908, 24.74352', '59.43388, 24.74661')",578,81,OK
"('59.4449, 24.89665', '59.44732, 24.89711')",492,74,OK
"('59.43373, 24.76063', '59.43386, 24.75259')",836,222,OK
"('59.40985, 24.6627', '59.40466, 24.65491')",807,91,OK
"('59.39105, 24.72157', '59.38707, 24.71791')",503,50,OK
"('59.37844, 24.65443', '59.37579, 24.64889')",432,32,OK
"('59.45893, 24.83552', '59.45912, 24.84616')",627,51,OK
"('59.43756, 24.75337', '59.43723, 24.75838')",526,172,OK
"('59.44878, 24.59003', '59.45193, 24.58391')",492,43,OK
"('59.41587, 24.8514', '59.41588, 24.84328')",459,49,OK
"('59.4214, 24.64953', '59.4237, 24.64863')",1600,268,OK
"('59.43435, 24.62926', '59.43722, 24.6273')",340,26,OK
"('59.43291, 24.82476', '59.43487, 24.83045')",489,82,OK
"('59.4172, 24.58638', '59.41585, 24.6027')",1090,99,OK
"('59.45798, 24.86105', '59.45866, 24.85079')",588,44,OK
"('59.37652, 24.67761', '59.37943, 24.67528')",350,41,OK
"('59.44338, 24.78266', '59.44232, 24.79074')",474,53,OK
"('59.40637, 24.6952', '59.40296, 24.70772')",805,120,OK
"('59.44534, 24.89062', '59.4438, 24.88189')",523,43,OK
"('59.4273, 24.77888', '59.4299, 24.78632')",649,101,OK
"('59.42945, 24.83745', '59.43086, 24.84761')",663,184,OK
"('59.45483, 24.87905', '59.45502, 24.87129')",443,40,OK
"('59.46919, 24.90281', '59.46076, 24.90515')",973,91,OK
"('59.44269, 24.59528', '59.44702, 24.60528')",736,61,OK
"('59.43777, 24.81895', '59.43582, 24.829')",847,106,OK
"('59.376, 24.67868', '59.37947, 24.6952')",1012,83,OK
"('59.44097, 24.78642', '59.4383, 24.76981')",2199,307,OK
"('59.45313, 24.70305', '59.44877, 24.69632')",648,93,OK
"('59.44707, 24.70033', '59.44954, 24.69942')",350,113,OK
"('59.44029, 24.69903', '59.43937, 24.70788')",540,73,OK
"('59.4126, 24.66862', '59.40985, 24.6627')",456,87,OK
"('59.41097, 24.71607', '59.40886, 24.72517')",566,52,OK
"('59.41647, 24.83879', '59.41695, 24.84472')",494,51,OK
"('59.42122, 24.76395', '59.42084, 24.76441')",107,52,OK
"('59.43281, 24.74713', '59.4346, 24.75235')",358,80,OK
"('59.48402, 24.86055', '59.4871, 24.86632')",505,41,OK
"('59.43111, 24.7612', '59.4316, 24.76755')",469,58,OK
"('59.42117, 24.7508', '59.42558, 24.74899')",503,68,OK
"('59.43821, 24.81744', '59.43951, 24.83268')",891,45,OK
"('59.44109, 24.73788', '59.44165, 24.73218')",346,59,OK
"('59.43251, 24.74267', '59.4346, 24.75235')",620,106,OK
"('59.44399, 24.72246', '59.44193, 24.7291')",441,57,OK
"('59.44434, 24.81334', '59.44326, 24.80566')",507,37,OK
"('59.39502, 24.6506', '59.39467, 24.64428')",423,56,OK
"('59.43217, 24.74137', '59.4321, 24.73629')",631,97,OK
"('59.45005, 24.71431', '59.45297, 24.71698')",409,58,OK
"('59.44841, 24.82869', '59.45111, 24.83336')",442,35,OK
"('59.42527, 24.70106', '59.43126, 24.71241')",996,130,OK
"('59.39487, 24.67323', '59.38781, 24.683')",1178,185,OK
"('59.44335, 24.80241', '59.44502, 24.8156')",837,70,OK
"('59.42055, 24.65025', '59.4172, 24.65465')",448,36,OK
"('59.42636, 24.7214', '59.42392, 24.72517')",357,52,OK
"('59.42755, 24.74838', '59.42418, 24.74944')",381,59,OK
"('59.38242, 24.63829', '59.38712, 24.64172')",613,61,OK
"('59.42621, 24.65889', '59.42643, 24.65805')",909,69,OK
"('59.36775, 24.65187', '59.37028, 24.65808')",451,35,OK
"('59.42027, 24.80294', '59.42031, 24.80981')",388,75,OK
"('59.48675, 24.84129', '59.48993, 24.83482')",511,41,OK
"('59.4321, 24.73629', '59.43682, 24.73333')",596,84,OK
"('59.3562, 24.61096', '59.35163, 24.61199')",743,87,OK
"('59.41646, 24.79659', '59.41953, 24.79254')",411,34,OK
"('59.43726, 24.75833', '59.43782, 24.75364')",1711,345,OK
"('59.40308, 24.68743', '59.39976, 24.68885')",783,93,OK
"('59.43839, 24.77034', '59.4356, 24.76103')",658,144,OK
"('59.4427, 24.76475', '59.4374, 24.75819')",986,223,OK
"('59.41281, 24.63785', '59.41319, 24.63446')",222,38,OK
"('59.37715, 24.71772', '59.37443, 24.71784')",302,39,OK
"('59.43062, 24.71818', '59.42747, 24.72195')",510,91,OK
"('59.43054, 24.84805', '59.42982, 24.83755')",689,81,OK
"('59.4346, 24.75235', '59.43563, 24.7583')",586,138,OK
"('59.45974, 24.67175', '59.46167, 24.66672')",431,57,OK
"('59.50404, 24.82818', '59.49663, 24.82798')",856,78,OK
"('59.3887, 24.70481', '59.38974, 24.71098')",368,29,OK
"('59.43978, 24.59749', '59.44292, 24.59407')",400,31,OK
"('59.45917, 24.84627', '59.45896, 24.83524')",644,56,OK
"('59.43605, 24.71172', '59.44311, 24.70431')",890,91,OK
"('59.37926, 24.63703', '59.37579, 24.64889')",934,108,OK
"('59.41964, 24.75139', '59.42117, 24.7508')",174,18,OK
"('59.46721, 24.83382', '59.47109, 24.8357')",445,44,OK
"('59.43647, 24.75669', '59.43712, 24.76218')",858,219,OK
"('59.39893, 24.68232', '59.39804, 24.67523')",413,36,OK
"('59.44946, 24.8682', '59.44848, 24.86223')",398,66,OK
"('59.36751, 24.65039', '59.36586, 24.64267')",474,40,OK
"('59.37284, 24.64338', '59.36864, 24.63692')",607,51,OK
"('59.4362, 24.72806', '59.43374, 24.72367')",389,55,OK
"('59.43618, 24.75149', '59.43396, 24.74633')",386,68,OK
"('59.39971, 24.69021', '59.40312, 24.69886')",628,71,OK
"('59.43863, 24.85964', '59.44288, 24.87581')",1217,142,OK
"('59.39971, 24.69021', '59.39707, 24.69844')",830,96,OK
"('59.39793, 24.63841', '59.40103, 24.64833')",691,98,OK
"('59.37588, 24.73388', '59.37621, 24.74393')",570,43,OK
"('59.44106, 24.75323', '59.44342, 24.75007')",2294,326,OK
"('59.44018, 24.75919', '59.44382, 24.75125')",845,141,OK
"('59.3968, 24.66373', '59.39968, 24.66084')",2647,292,OK
"('59.40361, 24.7066', '59.40695, 24.69344')",833,107,OK
"('59.42655, 24.63247', '59.42807, 24.6334')",249,25,OK
"('59.42531, 24.78336', '59.42816, 24.77695')",483,67,OK
"('59.43163, 24.76849', '59.43373, 24.76063')",502,87,OK
"('59.43075, 24.75874', '59.43352, 24.75195')",1276,275,OK
"('59.42857, 24.77622', '59.43192, 24.76757')",613,77,OK
"('59.44363, 24.88089', '59.44316, 24.87191')",513,41,OK
"('59.47951, 24.85093', '59.48027, 24.85507')",253,22,OK
"('59.35971, 24.6304', '59.3649, 24.6382')",846,72,OK
"('59.38975, 24.64185', '59.38219, 24.63807')",868,81,OK
"('59.39969, 24.64591', '59.39436, 24.64463')",642,66,OK
"('59.40707, 24.68366', '59.40886, 24.68274')",546,110,OK
"('59.4213, 24.73715', '59.42606, 24.72793')",758,63,OK
"('59.39705, 24.66805', '59.39968, 24.66084')",551,67,OK
"('59.42807, 24.6334', '59.43117, 24.63709')",414,39,OK
"('59.45378, 24.70511', '59.45364, 24.71262')",435,54,OK
"('59.42929, 24.69814', '59.43126, 24.71241')",878,111,OK
"('59.36999, 24.71754', '59.37343, 24.71812')",390,34,OK
"('59.40957, 24.67487', '59.40682, 24.68309')",756,90,OK
"('59.44797, 24.71139', '59.44524, 24.71095')",337,37,OK
"('59.4257, 24.79719', '59.42531, 24.78336')",841,97,OK
"('59.40481, 24.67531', '59.4054, 24.6686')",506,67,OK
"('59.45309, 24.70323', '59.45615, 24.69941')",535,72,OK
"('59.42263, 24.78577', '59.42161, 24.77381')",717,40,OK
"('59.41049, 24.66565', '59.40957, 24.67487')",536,53,OK
"('59.4437, 24.74407', '59.44332, 24.75033')",718,100,OK
"('59.46066, 24.81761', '59.45648, 24.81028')",629,41,OK
"('59.45691, 24.88023', '59.45483, 24.87905')",289,44,OK
"('59.43245, 24.59445', '59.43142, 24.60146')",411,27,OK
"('59.36586, 24.64267', '59.36482, 24.63642')",373,28,OK
"('59.50619, 24.82979', '59.50806, 24.8316')",241,28,OK
"('59.39976, 24.68885', '59.39893, 24.68232')",381,35,OK
"('59.42207, 24.81099', '59.42036, 24.8089')",312,47,OK
"('59.4105, 24.73147', '59.41534, 24.73233')",1872,246,OK
"('59.44573, 24.71091', '59.45005, 24.71431')",573,87,OK
"('59.36586, 24.64267', '59.36, 24.62988')",1099,85,OK
"('59.4346, 24.72604', '59.43682, 24.73333')",615,74,OK
"('59.44316, 24.87191', '59.44037, 24.84323')",1664,137,OK
"('59.43712, 24.76218', '59.4391, 24.77716')",876,122,OK
"('59.41296, 24.75794', '59.40162, 24.72831')",2489,176,OK
"('59.4418, 24.82284', '59.44344, 24.82215')",1070,90,OK
"('59.45861, 24.82012', '59.46053, 24.81897')",319,30,OK
"('59.41565, 24.84427', '59.41569, 24.85379')",538,43,OK
"('59.43548, 24.75959', '59.43386, 24.75259')",627,170,OK
"('59.41296, 24.75794', '59.40249, 24.71723')",2690,148,OK
"('59.4179, 24.69383', '59.41467, 24.68887')",526,55,OK
"('59.40335, 24.65627', '59.39956, 24.66084')",495,59,OK
"('59.37626, 24.71281', '59.37443, 24.71784')",391,66,OK
"('59.42507, 24.79489', '59.42686, 24.80122')",437,60,OK
"('59.45572, 24.57786', '59.45371, 24.58077')",277,30,OK
"('59.43937, 24.70788', '59.43546, 24.71205')",495,56,OK
"('59.45993, 24.70436', '59.46004, 24.70344')",57,9,OK
"('59.4907, 24.91596', '59.49684, 24.911')",851,67,OK
"('59.44146, 24.88034', '59.44354, 24.89059')",637,81,OK
"('59.43671, 24.75754', '59.44306, 24.76665')",2007,402,OK
"('59.43379, 24.72107', '59.43214, 24.71359')",463,83,OK
"('59.44098, 24.78701', '59.44232, 24.79074')",280,42,OK
"('59.37893, 24.63641', '59.37538, 24.63456')",408,34,OK
"('59.37162, 24.71713', '59.36694, 24.71768')",524,38,OK
"('59.38878, 24.6833', '59.39528, 24.67334')",1006,92,OK
"('59.39545, 24.68387', '59.39885, 24.68427')",587,89,OK
"('59.4979, 24.90169', '59.49417, 24.8937')",633,43,OK
"('59.43824, 24.57258', '59.43384, 24.56078')",943,128,OK
"('59.44232, 24.79074', '59.44335, 24.80241')",675,75,OK
"('59.36656, 24.71801', '59.36999, 24.71754')",381,29,OK
"('59.45896, 24.83524', '59.45838, 24.83098')",249,30,OK
"('59.44218, 24.88338', '59.44316, 24.87191')",928,102,OK
"('59.44141, 24.8784', '59.43925, 24.8747')",363,55,OK
"('59.43307, 24.77711', '59.42989, 24.78634')",996,159,OK
"('59.36864, 24.63692', '59.36528, 24.63133')",491,39,OK
"('59.44292, 24.59407', '59.44705, 24.59121')",501,40,OK
"('59.42755, 24.74838', '59.42576, 24.74817')",204,34,OK
"('59.44316, 24.87191', '59.44055, 24.8664')",671,101,OK
"('59.48849, 24.87154', '59.48969, 24.8756')",265,20,OK
"('59.42108, 24.75057', '59.41906, 24.75412')",464,49,OK
"('59.42084, 24.76441', '59.42284, 24.77095')",542,65,OK
"('59.43605, 24.75644', '59.43606, 24.75113')",1382,267,OK
"('59.38638, 24.69108', '59.3887, 24.70481')",822,67,OK
"('59.4438, 24.88189', '59.44316, 24.87191')",572,48,OK
"('59.45156, 24.58456', '59.44871, 24.59005')",442,40,OK
"('59.4346, 24.72604', '59.43306, 24.73439')",609,78,OK
"('59.36576, 24.63253', '59.36951, 24.6383')",542,47,OK
"('59.3955, 24.71556', '59.3977, 24.71054')",566,102,OK
"('59.43473, 24.79915', '59.43821, 24.81744')",1120,57,OK
"('59.4179, 24.69383', '59.41382, 24.68993')",505,52,OK
"('59.44342, 24.85946', '59.44169, 24.85114')",509,43,OK
"('59.42293, 24.78878', '59.42531, 24.78336')",445,70,OK
"('59.39528, 24.67334', '59.39799, 24.67658')",476,46,OK
"('59.47018, 24.90215', '59.47295, 24.89841')",374,27,OK
"('59.39259, 24.67334', '59.39237, 24.66346')",666,66,OK
"('59.40695, 24.64037', '59.4046, 24.63762')",735,74,OK
"('59.40162, 24.72831', '59.39767, 24.72609')",458,34,OK
"('59.45758, 24.93861', '59.46045, 24.92608')",777,58,OK
"('59.43934, 24.62418', '59.43693, 24.62726')",333,24,OK
"('59.46004, 24.70344', '59.45589, 24.69916')",544,53,OK
"('59.43621, 24.75672', '59.43711, 24.76158')",795,205,OK
"('59.39761, 24.66328', '59.39502, 24.6506')",1103,227,OK
"('59.44232, 24.79074', '59.44816, 24.8033')",992,95,OK
"('59.43307, 24.77711', '59.43219, 24.78226')",379,56,OK
"('59.43435, 24.76788', '59.43548, 24.75959')",485,102,OK
"('59.40313, 24.66947', '59.40088, 24.67046')",256,28,OK
"('59.39998, 24.72803', '59.40608, 24.73291')",738,79,OK
"('59.44464, 24.73711', '59.4437, 24.74132')",278,48,OK
"('59.43606, 24.75113', '59.43396, 24.74633')",362,64,OK
"('59.45731, 24.6766', '59.45466, 24.68277')",468,47,OK
"('59.44877, 24.69632', '59.44856, 24.69161')",267,46,OK
"('59.42629, 24.80956', '59.42667, 24.81591')",362,40,OK
"('59.38368, 24.65381', '59.38648, 24.6466')",522,43,OK
"('59.4076, 24.62296', '59.40907, 24.62967')",416,34,OK
"('59.44912, 24.89177', '59.46019, 24.90472')",1593,133,OK
"('59.39767, 24.72609', '59.39198, 24.72088')",729,67,OK
"('59.40785, 24.68922', '59.40682, 24.68309')",487,135,OK
"('59.40481, 24.67531', '59.40368, 24.6659')",547,76,OK
"('59.43142, 24.60146', '59.4299, 24.61288')",668,45,OK
"('59.42982, 24.83755', '59.42713, 24.82017')",1031,104,OK
"('59.4316, 24.76755', '59.42754, 24.77773')",736,86,OK
"('59.39804, 24.67523', '59.39487, 24.67323')",546,57,OK
"('59.42296, 24.80311', '59.42207, 24.81099')",537,50,OK
"('59.45838, 24.83098', '59.45775, 24.82514')",342,40,OK
"('59.42806, 24.79187', '59.42651, 24.7964')",303,45,OK
"('59.40028, 24.71106', '59.39663, 24.70986')",413,39,OK
"('59.40564, 24.73206', '59.40249, 24.71723')",1029,82,OK
"('59.43217, 24.74137', '59.4346, 24.75235')",703,115,OK
"('59.43799, 24.80207', '59.43554, 24.79841')",362,29,OK
"('59.40533, 24.65791', '59.41118, 24.66614')",818,106,OK
"('59.46075, 24.81995', '59.46217, 24.8249')",320,26,OK
"('59.40234, 24.7185', '59.40608, 24.73291')",1639,163,OK
"('59.43855, 24.85816', '59.43635, 24.84596')",734,86,OK
"('59.46825, 24.86728', '59.4686, 24.83999')",1660,116,OK
"('59.43746, 24.76375', '59.43761, 24.75733')",382,83,OK
"('59.44159, 24.71336', '59.43766, 24.71748')",495,51,OK
"('59.42996, 24.78656', '59.42752, 24.77859')",1193,210,OK
"('59.397, 24.66864', '59.39799, 24.67658')",477,50,OK
"('59.47256, 24.88489', '59.47246, 24.89889')",935,75,OK
"('59.42106, 24.72964', '59.42428, 24.72465')",464,57,OK
"('59.42934, 24.72501', '59.42576, 24.71795')",662,102,OK
"('59.43642, 24.84784', '59.43878, 24.85124')",429,48,OK
"('59.43473, 24.79915', '59.43568, 24.81225')",802,56,OK
"('59.41122, 24.64768', '59.41375, 24.64023')",555,65,OK
"('59.41613, 24.86524', '59.41586, 24.85865')",599,72,OK
"('59.43711, 24.75866', '59.43901, 24.77643')",1032,148,OK
"('59.42638, 24.8072', '59.4257, 24.79719')",573,59,OK
"('59.45502, 24.87129', '59.45403, 24.8619')",551,47,OK
"('59.42686, 24.82142', '59.43054, 24.83457')",988,107,OK
"('59.45411, 24.86266', '59.45486, 24.86933')",398,31,OK
"('59.36136, 24.6138', '59.36567, 24.62951')",1337,140,OK
"('59.42747, 24.72195', '59.4288, 24.7316')",572,71,OK
"('59.4338, 24.56393', '59.43694, 24.57434')",741,53,OK
"('59.42082, 24.80232', '59.42236, 24.80231')",170,38,OK
"('59.43321, 24.74426', '59.4321, 24.73629')",489,66,OK
"('59.44007, 24.6231', '59.44492, 24.61246')",808,57,OK
"('59.45589, 24.69916', '59.45378, 24.70511')",514,85,OK
"('59.45044, 24.86073', '59.45131, 24.84782')",865,105,OK
"('59.42392, 24.72517', '59.42075, 24.72354')",400,43,OK
"('59.48013, 24.85461', '59.47853, 24.84894')",382,31,OK
"('59.40767, 24.62284', '59.3993, 24.60462')",1428,101,OK
"('59.44707, 24.70033', '59.44877, 24.69632')",359,52,OK
"('59.41553, 24.65547', '59.41821, 24.65122')",411,43,OK
"('59.43011, 24.80735', '59.43564, 24.81897')",970,138,OK
"('59.41165, 24.71574', '59.415, 24.71874')",407,40,OK
"('59.46053, 24.81897', '59.46066, 24.81761')",410,35,OK
"('59.42043, 24.64478', '59.4237, 24.64863')",1813,298,OK
"('59.43766, 24.71748', '59.43544, 24.72077')",310,47,OK
"('59.43682, 24.73333', '59.43956, 24.7379')",421,37,OK
"('59.44839, 24.80297', '59.4451, 24.79787')",466,38,OK
"('59.39198, 24.72088', '59.38976, 24.71077')",625,54,OK
"('59.43576, 24.75095', '59.43831, 24.75407')",397,83,OK
"('59.4282, 24.62542', '59.42921, 24.61929')",355,27,OK
"('59.45067, 24.89794', '59.45296, 24.90532')",504,43,OK
"('59.36528, 24.62924', '59.36, 24.62988')",602,68,OK
"('59.42826, 24.86962', '59.42624, 24.86666')",378,36,OK
"('59.40637, 24.6952', '59.40275, 24.69749')",656,91,OK
"('59.42392, 24.72517', '59.42038, 24.7298')",491,55,OK
"('59.4908, 24.91534', '59.48746, 24.92761')",804,65,OK
"('59.43311, 24.71573', '59.43605, 24.71172')",403,49,OK
"('59.41132, 24.73406', '59.40982, 24.73606')",641,82,OK
"('59.4538, 24.71167', '59.45313, 24.70305')",629,81,OK
"('59.48401, 24.88451', '59.4805, 24.89078')",525,36,OK
"('59.38648, 24.6466', '59.38717, 24.64105')",341,39,OK
"('59.48139, 24.84091', '59.48675, 24.84129')",607,47,OK
"('59.44422, 24.8393', '59.44374, 24.82827')",720,64,OK
"('59.43189, 24.62175', '59.4362, 24.611')",824,63,OK
"('59.43782, 24.75364', '59.44106, 24.75323')",650,107,OK
"('59.43396, 24.74633', '59.42823, 24.74232')",697,110,OK
"('59.42987, 24.69144', '59.42893, 24.6797')",674,41,OK
"('59.42036, 24.68362', '59.41694, 24.67974')",480,55,OK
"('59.42811, 24.79212', '59.42996, 24.78656')",376,66,OK
"('59.42046, 24.64684', '59.41983, 24.64419')",165,22,OK
"('59.40785, 24.68922', '59.40886, 24.68274')",638,167,OK
"('59.42576, 24.71795', '59.42272, 24.71539')",368,29,OK
"('59.39467, 24.64428', '59.39793, 24.63841')",1139,118,OK
"('59.4254, 24.70077', '59.42127, 24.69693')",508,52,OK
"('59.42606, 24.72793', '59.42801, 24.72033')",724,122,OK
"('59.43359, 24.86562', '59.42826, 24.86962')",634,50,OK
"('59.42586, 24.80173', '59.42629, 24.80956')",558,201,OK
"('59.43606, 24.75113', '59.43321, 24.74426')",535,99,OK
"('59.4257, 24.79719', '59.42271, 24.78911')",974,134,OK
"('59.43211, 24.81311', '59.43564, 24.81897')",727,115,OK
"('59.42768, 24.7137', '59.42747, 24.72195')",480,72,OK
"('59.40707, 24.68366', '59.41132, 24.68821')",537,100,OK
"('59.3989, 24.68361', '59.39971, 24.69021')",384,33,OK
"('59.47129, 24.87693', '59.46825, 24.86728')",662,51,OK
"('59.42043, 24.64478', '59.42953, 24.69245')",3164,262,OK
"('59.43612, 24.60118', '59.43564, 24.61243')",701,59,OK
"('59.41821, 24.79905', '59.42271, 24.78911')",953,143,OK
"('59.45438, 24.95753', '59.45311, 24.96639')",530,61,OK
"('59.42713, 24.82017', '59.4267, 24.81422')",340,32,OK
"('59.39261, 24.72377', '59.39998, 24.72803')",850,72,OK
"('59.44492, 24.61246', '59.44681, 24.60446')",587,50,OK
"('59.45177, 24.80693', '59.44839, 24.80297')",442,36,OK
"('59.41271, 24.60634', '59.4076, 24.62296')",1229,121,OK
"('59.35971, 24.6304', '59.36567, 24.62951')",751,93,OK
"('59.4126, 24.66862', '59.41049, 24.66565')",398,78,OK
"('59.44241, 24.86513', '59.4413, 24.85843')",400,28,OK
"('59.42478, 24.65077', '59.42046, 24.64684')",879,123,OK
"('59.4346, 24.75235', '59.43456, 24.75575')",325,92,OK
"('59.42888, 24.83702', '59.42713, 24.82017')",1140,158,OK
"('59.4871, 24.86632', '59.48849, 24.87154')",333,26,OK
"('59.44105, 24.73843', '59.4437, 24.74407')",1946,305,OK
"('59.40335, 24.65627', '59.40132, 24.65998')",357,47,OK
"('59.45294, 24.90529', '59.45075, 24.89712')",548,58,OK
"('59.38438, 24.67297', '59.38608, 24.67751')",317,29,OK
"('59.45775, 24.82514', '59.45861, 24.82012')",301,29,OK
"('59.42806, 24.74938', '59.43111, 24.7612')",756,84,OK
"('59.46357, 24.8271', '59.4585, 24.82001')",1214,102,OK
"('59.44848, 24.86223', '59.45044, 24.86073')",235,23,OK
"('59.38029, 24.70017', '59.37792, 24.70528')",395,40,OK
"('59.40715, 24.63963', '59.40911, 24.63241')",521,47,OK
"('59.47323, 24.91341', '59.47699, 24.92068')",636,52,OK
"('59.44603, 24.73834', '59.44772, 24.72891')",576,62,OK
"('59.41681, 24.83822', '59.4193, 24.83074')",506,40,OK
"('59.34459, 24.6224', '59.35072, 24.62794')",760,58,OK
"('59.45371, 24.58077', '59.45156, 24.58456')",321,31,OK
"('59.39695, 24.69906', '59.39976, 24.68885')",939,133,OK
"('59.44316, 24.87191', '59.43855, 24.85816')",1148,140,OK
"('59.43564, 24.81897', '59.43777, 24.81895')",319,96,OK
"('59.43621, 24.75672', '59.43901, 24.77643')",1411,265,OK
"('59.42316, 24.79516', '59.42293, 24.78878')",362,40,OK
"('59.42796, 24.77531', '59.42547, 24.78186')",504,65,OK
"('59.36951, 24.6383', '59.37302, 24.6439')",505,40,OK
"('59.43075, 24.75874', '59.43454, 24.7561')",591,151,OK
"('59.42046, 24.64684', '59.41922, 24.64261')",278,34,OK
"('59.4288, 24.7316', '59.43217, 24.74137')",675,70,OK
"('59.48442, 24.88425', '59.48625, 24.88226')",233,17,OK
"('59.45332, 24.70439', '59.45513, 24.68907')",1017,144,OK
"('59.44684, 24.69106', '59.44811, 24.6966')",414,73,OK
"('59.43667, 24.75665', '59.43712, 24.76218')",875,225,OK
"('59.45075, 24.89712', '59.44877, 24.89081')",725,75,OK
"('59.40886, 24.68274', '59.40993, 24.67364')",535,51,OK
"('59.42801, 24.72033', '59.43088, 24.7182')",333,32,OK
"('59.43456, 24.75575', '59.43368, 24.75282')",209,62,OK
"('59.48949, 24.83548', '59.48548, 24.84177')",589,50,OK
"('59.42868, 24.68091', '59.42953, 24.69245')",662,49,OK
"('59.42997, 24.78653', '59.42816, 24.77695')",705,128,OK
"('59.42984, 24.80634', '59.4257, 24.79719')",740,103,OK
"('59.44275, 24.70435', '59.43937, 24.70788')",425,52,OK
"('59.35163, 24.61199', '59.35123, 24.62355')",657,64,OK
"('59.4237, 24.64863', '59.43217, 24.74137')",5551,533,OK
"('59.50906, 24.83017', '59.50404, 24.82818')",1092,210,OK
"('59.41459, 24.70867', '59.40773, 24.70305')",827,84,OK
"('59.41694, 24.67974', '59.41378, 24.67153')",581,49,OK
"('59.42316, 24.79516', '59.42161, 24.77381')",1243,83,OK
"('59.43956, 24.7379', '59.43988, 24.73786')",1954,246,OK
"('59.38712, 24.64172', '59.38651, 24.64639')",293,30,OK
"('59.40886, 24.72517', '59.4105, 24.73147')",481,47,OK
"('59.41482, 24.69138', '59.41759, 24.69394')",336,37,OK
"('59.40494, 24.62722', '59.40461, 24.61551')",750,89,OK
"('59.42236, 24.82114', '59.42207, 24.81099')",686,70,OK
"('59.38508, 24.71762', '59.38692, 24.71807')",208,16,OK
"('59.46019, 24.90472', '59.45984, 24.92823')",1401,119,OK
"('59.42219, 24.69833', '59.42527, 24.70106')",396,59,OK
"('59.42456, 24.74263', '59.41433, 24.73849')",1795,263,OK
"('59.42655, 24.80768', '59.4262, 24.80102')",385,41,OK
"('59.40957, 24.67487', '59.40798, 24.6869')",706,85,OK
"('59.41444, 24.73943', '59.42466, 24.74269')",1157,111,OK
"('59.44502, 24.8156', '59.44322, 24.82953')",1068,107,OK
"('59.4493, 24.69793', '59.45196, 24.694')",368,33,OK
"('59.40911, 24.63241', '59.41224, 24.63969')",865,100,OK
"('59.49042, 24.88012', '59.48624, 24.8822')",487,40,OK
"('59.46497, 24.69958', '59.46356, 24.70183')",260,63,OK
"('59.44354, 24.89059', '59.44429, 24.89672')",496,96,OK
"('59.44288, 24.87581', '59.44311, 24.88244')",378,38,OK
"('59.44395, 24.69468', '59.44612, 24.6994')",381,48,OK
"('59.44781, 24.89321', '59.44652, 24.89653')",421,54,OK
"('59.43054, 24.83457', '59.43487, 24.83045')",535,84,OK
"('59.37579, 24.64889', '59.37284, 24.64338')",453,33,OK
"('59.42823, 24.74232', '59.42288, 24.74234')",595,83,OK
"('59.42074, 24.77166', '59.42271, 24.78911')",1082,95,OK
"('59.38049, 24.69884', '59.37914, 24.69354')",720,122,OK
"('59.40993, 24.67364', '59.40985, 24.6627')",687,96,OK
"('59.41339, 24.64028', '59.41102, 24.64775')",587,70,OK
"('59.40497, 24.63896', '59.40715, 24.63963')",698,77,OK
"('59.40029, 24.67115', '59.4033, 24.66965')",345,36,OK
"('59.40366, 24.65453', '59.39891, 24.64169')",907,94,OK
"('59.40555, 24.65317', '59.41328, 24.65295')",1813,259,OK
"('59.40802, 24.81109', '59.40837, 24.80627')",331,62,OK
"('59.40695, 24.69344', '59.40785, 24.68922')",345,58,OK
"('59.43635, 24.84596', '59.43551, 24.83673')",584,68,OK
"('59.44288, 24.87581', '59.44146, 24.88034')",492,54,OK
"('59.41278, 24.75255', '59.41486, 24.75517')",273,34,OK
"('59.44275, 24.70435', '59.43985, 24.70941')",499,69,OK
"('59.38004, 24.66834', '59.37539, 24.67281')",578,57,OK
"('59.39663, 24.70986', '59.39189, 24.70847')",540,58,OK
"('59.43693, 24.62726', '59.43337, 24.6309')",453,34,OK
"('59.41763, 24.75888', '59.41665, 24.75316')",346,31,OK
"('59.48069, 24.94412', '59.48142, 24.93275')",717,60,OK
"('59.42174, 24.72466', '59.42428, 24.72465')",330,43,OK
"('59.39804, 24.67523', '59.39705, 24.66805')",435,43,OK
"('59.43711, 24.75862', '59.43711, 24.76158')",167,27,OK
"('59.44705, 24.59121', '59.44881, 24.59042')",214,22,OK
"('59.41275, 24.63655', '59.41281, 24.63785')",518,67,OK
"('59.45005, 24.71431', '59.45221, 24.7185')",442,60,OK
"('59.43683, 24.82854', '59.43951, 24.83268')",576,47,OK
"('59.43435, 24.76788', '59.43531, 24.75867')",705,175,OK
"('59.38869, 24.70372', '59.38654, 24.69237')",687,57,OK
"('59.4637, 24.70162', '59.46497, 24.69958')",243,51,OK
"('59.35072, 24.62794', '59.35603, 24.63109')",618,55,OK
"('59.43199, 24.814', '59.43232, 24.81973')",326,34,OK
"('59.3993, 24.60462', '59.40267, 24.61327')",760,82,OK
"('59.42428, 24.72465', '59.42747, 24.72195')",492,85,OK
"('59.35137, 24.62143', '59.35164, 24.61323')",469,45,OK
"('59.42793, 24.7654', '59.4288, 24.75253')",798,111,OK
"('59.41449, 24.76057', '59.42074, 24.77166')",955,48,OK
"('59.46121, 24.66793', '59.45953, 24.67216')",304,38,OK
"('59.42822, 24.67334', '59.42643, 24.65805')",889,56,OK
"('59.40452, 24.634', '59.40497, 24.63896')",318,36,OK
"('59.45466, 24.68277', '59.45466, 24.68976')",423,46,OK
"('59.37539, 24.67281', '59.376, 24.67868')",377,51,OK
"('59.45486, 24.86933', '59.45474, 24.87934')",569,49,OK
"('59.44157, 24.7136', '59.44573, 24.71091')",491,48,OK
"('59.44097, 24.78642', '59.43839, 24.77034')",2167,302,OK
"('59.38654, 24.69237', '59.38878, 24.6833')",625,108,OK
"('59.47246, 24.89889', '59.46919, 24.90281')",427,31,OK
"('59.41953, 24.79254', '59.42531, 24.78336')",830,125,OK
"('59.41814, 24.79954', '59.42074, 24.79956')",866,261,OK
"('59.43595, 24.75667', '59.43901, 24.77643')",1382,255,OK
"('59.38088, 24.70038', '59.38307, 24.70572')",388,36,OK
"('59.43495, 24.83821', '59.4357, 24.84345')",309,32,OK
"('59.40312, 24.69886', '59.40296, 24.70772')",662,90,OK
"('59.4046, 24.63762', '59.40469, 24.6342')",236,28,OK
"('59.43353, 24.76231', '59.43182, 24.76779')",1894,406,OK
"('59.45311, 24.96639', '59.4545, 24.95757')",532,55,OK
"('59.41466, 24.58343', '59.4172, 24.58638')",338,96,OK
"('59.47462, 24.83804', '59.48139, 24.84091')",772,57,OK
"('59.37028, 24.65808', '59.37367, 24.6672')",642,54,OK
"('59.43843, 24.77141', '59.43874, 24.77736')",351,55,OK
"('59.43062, 24.71818', '59.42576, 24.71795')",591,96,OK
"('59.44332, 24.75033', '59.44077, 24.7533')",1052,223,OK
"('59.41542, 24.65624', '59.41118, 24.66614')",820,104,OK
"('59.42531, 24.78336', '59.42679, 24.77312')",840,172,OK
"('59.42127, 24.69693', '59.4179, 24.69383')",414,39,OK
"('59.40885, 24.62843', '59.40767, 24.62284')",348,25,OK
"('59.42906, 24.83806', '59.43054, 24.83457')",450,117,OK
"('59.38608, 24.67751', '59.38878, 24.6833')",509,93,OK
"('59.44781, 24.89321', '59.44912, 24.89177')",285,50,OK
"('59.4284, 24.70343', '59.4254, 24.70077')",366,36,OK
"('59.40608, 24.73291', '59.40968, 24.73665')",454,40,OK
"('59.43202, 24.74585', '59.4346, 24.75235')",519,93,OK
"('59.40312, 24.69886', '59.40836, 24.70411')",653,80,OK
"('59.42889, 24.74334', '59.43271, 24.74588')",460,90,OK
"('59.4363, 24.75226', '59.43723, 24.75838')",375,81,OK
"('59.41576, 24.63969', '59.42043, 24.64478')",839,114,OK
"('59.41983, 24.64419', '59.41646, 24.63966')",467,46,OK
"('59.4237, 24.64863', '59.42621, 24.65889')",649,50,OK
"('59.41665, 24.75316', '59.41335, 24.74839')",518,73,OK
"('59.49417, 24.8937', '59.49042, 24.88012')",959,85,OK
"('59.42145, 24.80205', '59.42027, 24.80294')",170,39,OK
"('59.40103, 24.64833', '59.40466, 24.65491')",613,93,OK
"('59.36705, 24.75705', '59.36267, 24.76415')",632,46,OK
"('59.44055, 24.8664', '59.43945, 24.87618')",953,127,OK
"('59.44844, 24.86403', '59.44956, 24.86948')",333,38,OK
"('59.42919, 24.7295', '59.42636, 24.7214')",701,112,OK
"('59.49711, 24.82865', '59.4991, 24.83638')",643,70,OK
"('59.46985, 24.71721', '59.47168, 24.72063')",283,35,OK
"('59.39223, 24.70859', '59.39714, 24.71033')",564,79,OK
"('59.40469, 24.66874', '59.40482, 24.6769')",528,70,OK
"('59.42023, 24.74053', '59.4213, 24.73715')",225,20,OK
"('59.4346, 24.75235', '59.435, 24.75569')",276,75,OK
"('59.44205, 24.59492', '59.43934, 24.59772')",341,27,OK
"('59.44475, 24.88949', '59.44732, 24.89711')",715,64,OK
"('59.42296, 24.79297', '59.42296, 24.80311')",575,62,OK
"('59.39049, 24.6424', '59.39467, 24.64428')",472,44,OK
"('59.40029, 24.67115', '59.4054, 24.6686')",586,66,OK
"('59.35044, 24.62691', '59.35072, 24.62794')",314,53,OK
"('59.43214, 24.71359', '59.42988, 24.70637')",479,48,OK
"('59.43075, 24.75874', '59.43386, 24.75259')",1318,323,OK
"('59.42488, 24.79689', '59.42085, 24.79939')",2015,342,OK
"('59.43165, 24.62185', '59.42825, 24.62769')",509,46,OK
"('59.44344, 24.82215', '59.44029, 24.80691')",1471,151,OK
"('59.38316, 24.66216', '59.38368, 24.65381')",478,41,OK
"('59.37285, 24.6333', '59.37599, 24.63499')",362,32,OK
"('59.45219, 24.83831', '59.45072, 24.83306')",465,41,OK
"('59.41433, 24.73849', '59.41132, 24.73406')",412,59,OK
"('59.43348, 24.79785', '59.43604, 24.79871')",304,45,OK
"('59.40368, 24.6659', '59.40366, 24.65453')",965,148,OK
"('59.40249, 24.71723', '59.40361, 24.7066')",636,79,OK
"('59.40921, 24.73565', '59.40564, 24.73206')",446,37,OK
"('59.48624, 24.8822', '59.48401, 24.88451')",279,19,OK
"('59.36952, 24.63148', '59.36528, 24.62924')",488,43,OK
"('59.38332, 24.6645', '59.38438, 24.67297')",555,82,OK
"('59.43546, 24.71205', '59.43214, 24.71359')",478,62,OK
"('59.42805, 24.7919', '59.42586, 24.80173')",1704,304,OK
"('59.45615, 24.69941', '59.45993, 24.70436')",574,55,OK
"('59.45066, 24.89783', '59.45294, 24.90529')",507,43,OK
"('59.435, 24.75569', '59.43368, 24.75282')",258,79,OK
"('59.44448, 24.61315', '59.43934, 24.62418')",848,60,OK
"('59.44577, 24.74746', '59.44347, 24.75011')",396,109,OK
"('59.43648, 24.60096', '59.43978, 24.59749')",415,35,OK
"('59.43831, 24.75407', '59.44382, 24.75125')",693,97,OK
"('59.39799, 24.67658', '59.3989, 24.68361')",411,59,OK
"('59.41695, 24.84472', '59.42697, 24.83782')",1181,82,OK
"('59.43322, 24.74579', '59.42895, 24.7431')",1406,241,OK
"('59.44158, 24.77202', '59.44338, 24.78266')",643,89,OK
"('59.43642, 24.84784', '59.43863, 24.85964')",716,102,OK
"('59.43086, 24.84761', '59.42588, 24.85099')",586,59,OK
"('59.43762, 24.75321', '59.43591, 24.75726')",455,122,OK
"('59.45095, 24.72175', '59.45297, 24.71698')",351,33,OK
"('59.44503, 24.87747', '59.44316, 24.87191')",504,73,OK
"('59.42055, 24.65025', '59.41553, 24.65547')",680,63,OK
"('59.42638, 24.8072', '59.42629, 24.79754')",604,78,OK
"('59.44205, 24.78883', '59.44097, 24.78642')",1268,186,OK
"('59.43985, 24.83077', '59.43435, 24.76788')",3824,297,OK
"('59.4991, 24.83638', '59.50619, 24.82979')",1267,127,OK
"('59.37347, 24.63353', '59.36952, 24.63148')",454,38,OK
"('59.48548, 24.84177', '59.48074, 24.84042')",532,38,OK
"('59.43874, 24.77736', '59.43865, 24.78353')",349,44,OK
"('59.49684, 24.911', '59.4979, 24.90169')",725,59,OK
"('59.4339, 24.75177', '59.43323, 24.74397')",579,142,OK
"('59.42656, 24.79662', '59.42811, 24.79212')",307,52,OK
"('59.41534, 24.73233', '59.42106, 24.72964')",655,52,OK
"('59.36, 24.62988', '59.35563, 24.63056')",489,47,OK
"('59.4179, 24.69383', '59.41066, 24.687')",894,92,OK
"('59.415, 24.71874', '59.4184, 24.72177')",415,53,OK
"('59.46045, 24.92608', '59.46088, 24.90639')",1142,98,OK
"('59.45974, 24.67175', '59.46116, 24.66765')",512,73,OK
"('59.42492, 24.74769', '59.42232, 24.74239')",508,80,OK
"('59.4427, 24.76475', '59.44018, 24.75919')",627,152,OK
"('59.40088, 24.67046', '59.39487, 24.67323')",699,86,OK
"('59.36567, 24.62951', '59.37024, 24.63194')",527,46,OK
"('59.43386, 24.75259', '59.43321, 24.74426')",533,95,OK
"('59.43253, 24.78202', '59.43315, 24.77774')",250,38,OK
"('59.42919, 24.7295', '59.42576, 24.71795')",819,108,OK
"('59.44382, 24.75125', '59.44603, 24.73834')",777,85,OK
