date,Õhutemperatuur (°C) keskmine,Õhutemperatuur (°C) max,Õhutemperatuur (°C) min,Suhteline õhuniiskus (%) keskmine,Suhteline õhuniiskus (%) min,Tuule kiirus (m/s) keskmine,Tuule kiirus (m/s) max,Sademed (mm),Päikesepaiste kestus (h),Maksimaalne õhutemperatuur (°C),Minimaalne õhutemperatuur (°C),I pilvekiht hulk (okta),II pilvekiht hulk (okta),III pilvekiht hulk (okta),IV pilvekiht hulk (okta),Hetkeilm (sensor),Nähtavuskaugus (km),Puhang (m/s),Keskmine kiirus tunnis (m/s),10 minuti keskmine kiirus (m/s),10 minuti keskmine suund (°)
30.04.2016,8.3,14.5,0.1,64.0,39.0,1.8,5.7,0.0,14.6,14.4,13.3,0/8,0/8,0/8,0/8,nähtusteta,20.0,5.7,3.0,3.1,296.0
29.04.2016,8.1,15.0,1.7,66.0,37.0,3.1,10.5,0.0,9.5,11.6,10.8,2/8,7/8,0/8,0/8,nähtusteta,20.0,5.0,3.0,2.6,18.0
28.04.2016,8.1,12.6,4.0,80.0,70.0,4.0,10.0,11.1,2.6,9.9,9.1,8/8,0/8,0/8,0/8,nõrk vihm,10.9,3.8,1.9,1.0,322.0
27.04.2016,6.5,13.5,2.8,79.0,49.0,2.8,8.8,1.4,5.8,13.1,12.2,7/8,0/8,0/8,0/8,nähtusteta,20.0,7.6,3.5,3.5,156.0
26.04.2016,2.9,4.1,1.3,94.0,75.0,2.9,9.0,12.8,0.0,3.1,3.0,8/8,0/8,0/8,0/8,nõrk vihm,19.2,6.1,2.4,2.2,332.0
25.04.2016,4.4,9.4,1.5,81.0,65.0,3.5,9.7,2.7,6.2,7.3,5.6,7/8,0/8,0/8,0/8,nähtusteta,20.0,4.9,2.4,2.4,349.0
24.04.2016,1.4,5.7,-3.1,91.0,72.0,2.5,10.6,11.1,3.8,2.7,0.6,8/8,0/8,0/8,0/8,nõrk lumi,2.2,8.6,4.6,4.7,37.0
23.04.2016,2.9,5.9,1.0,90.0,79.0,1.8,6.8,0.0,5.8,4.4,3.3,5/8,0/8,0/8,0/8,nähtusteta,20.0,5.5,2.7,2.6,360.0
22.04.2016,5.1,9.5,2.8,76.0,56.0,1.9,10.7,0.0,9.5,7.4,5.3,1/8,7/8,0/8,0/8,nähtusteta,20.0,10.1,4.4,4.4,327.0
21.04.2016,4.8,9.5,1.3,64.0,30.0,3.2,9.7,0.0,8.8,8.6,7.7,7/8,0/8,0/8,0/8,nähtusteta,20.0,8.1,3.7,3.7,250.0
20.04.2016,4.1,6.5,1.8,87.0,76.0,2.8,9.6,3.3,2.8,5.9,5.5,1/8,8/8,0/8,0/8,nähtusteta,20.0,8.5,3.2,2.6,307.0
19.04.2016,6.3,9.4,4.3,83.0,64.0,3.7,12.5,5.6,3.6,8.1,7.2,7/8,0/8,0/8,0/8,nähtusteta,20.0,7.8,3.4,2.9,246.0
18.04.2016,5.6,8.2,4.0,88.0,75.0,4.3,12.6,2.0,1.4,8.2,7.3,7/8,0/8,0/8,0/8,nähtusteta,20.0,10.5,5.2,6.5,239.0
17.04.2016,8.1,11.5,5.9,86.0,74.0,3.6,8.4,5.9,0.5,9.9,9.6,8/8,0/8,0/8,0/8,nähtusteta,13.0,5.7,3.0,2.7,196.0
16.04.2016,8.3,15.5,1.0,56.0,33.0,3.7,11.1,0.0,8.6,13.9,13.6,7/8,0/8,0/8,0/8,nähtusteta,20.0,7.0,3.7,4.1,182.0
15.04.2016,3.4,8.7,-2.6,60.0,43.0,2.0,8.1,0.0,9.4,8.7,6.9,7/8,0/8,0/8,0/8,nähtusteta,20.0,5.4,2.6,2.2,281.0
14.04.2016,3.3,6.2,1.0,66.0,46.0,4.2,10.7,0.0,11.8,6.2,5.1,0/8,0/8,0/8,0/8,nähtusteta,20.0,5.9,3.6,3.7,29.0
13.04.2016,4.0,11.0,-3.5,67.0,34.0,2.1,7.9,0.0,13.2,10.6,9.9,0/8,0/8,0/8,0/8,nähtusteta,20.0,7.3,4.3,4.4,32.0
12.04.2016,3.2,9.2,-2.7,73.0,51.0,1.7,7.0,0.0,13.2,9.1,7.8,0/8,0/8,0/8,0/8,nähtusteta,20.0,4.6,2.6,2.6,18.0
11.04.2016,5.2,11.4,-2.1,65.0,30.0,2.7,10.1,0.0,13.2,10.5,9.8,0/8,0/8,0/8,0/8,nähtusteta,20.0,10.1,5.7,6.0,70.0
10.04.2016,3.4,9.6,-0.7,85.0,53.0,1.5,4.6,0.0,8.1,9.5,8.2,0/8,0/8,0/8,0/8,nähtusteta,20.0,3.9,2.0,2.0,343.0
09.04.2016,5.3,10.5,3.4,85.0,66.0,2.1,7.2,1.3,3.8,5.7,4.8,8/8,0/8,0/8,0/8,vihm,20.0,3.6,1.2,0.7,304.0
08.04.2016,7.4,11.9,4.0,66.0,49.0,4.5,13.2,0.0,6.8,9.8,9.0,1/8,8/8,0/8,0/8,nähtusteta,20.0,11.0,5.3,5.4,231.0
07.04.2016,8.3,15.0,5.1,75.0,50.0,4.1,13.6,0.4,9.6,11.9,10.6,6/8,7/8,0/8,0/8,vihm,20.0,11.0,5.2,4.2,215.0
06.04.2016,10.5,18.8,6.9,64.0,36.0,4.5,13.5,2.4,5.7,9.0,7.8,7/8,0/8,0/8,0/8,vihm,18.6,9.2,4.8,4.2,212.0
05.04.2016,6.3,13.4,1.4,67.0,40.0,3.2,7.7,1.2,1.8,10.5,8.4,7/8,8/8,0/8,0/8,nõrk vihm,16.7,5.1,2.4,2.0,140.0
04.04.2016,4.6,9.7,0.4,75.0,51.0,2.7,6.9,0.0,10.7,8.4,7.7,0/8,0/8,0/8,0/8,nähtusteta,20.0,6.5,4.1,3.8,62.0
03.04.2016,3.9,7.2,1.9,86.0,76.0,2.2,6.7,0.5,0.0,6.2,5.1,8/8,0/8,0/8,0/8,nähtusteta,16.0,3.2,1.5,1.1,352.0
02.04.2016,3.4,9.8,-1.7,72.0,34.0,2.8,11.0,0.0,12.0,7.3,5.6,0/8,0/8,0/8,0/8,nähtusteta,20.0,9.6,4.9,5.2,258.0
01.04.2016,2.2,4.0,0.3,95.0,87.0,2.5,6.6,0.0,0.0,3.9,3.3,8/8,0/8,0/8,0/8,nähtusteta,20.0,5.0,2.1,2.4,298.0
31.03.2016,0.9,3.9,-0.9,98.0,94.0,1.9,7.1,0.0,0.5,2.0,1.4,8/8,0/8,0/8,0/8,nähtusteta,16.9,6.2,2.9,2.8,272.0
30.03.2016,5.7,9.2,2.5,72.0,46.0,2.1,7.6,0.4,3.1,8.2,7.8,7/8,0/8,0/8,0/8,nähtusteta,20.0,4.6,2.5,3.0,137.0
29.03.2016,7.4,14.2,2.0,47.0,29.0,4.2,11.8,0.0,11.3,13.3,11.2,0/8,0/8,0/8,0/8,nähtusteta,20.0,8.7,4.8,4.8,131.0
28.03.2016,6.7,13.0,2.4,61.0,36.0,3.6,10.0,0.0,11.9,12.6,11.7,0/8,0/8,0/8,0/8,nähtusteta,20.0,7.8,4.2,4.3,182.0
27.03.2016,5.1,11.2,1.4,81.0,56.0,3.4,10.4,0.0,10.5,10.7,10.0,0/8,0/8,0/8,0/8,nähtusteta,20.0,8.0,3.9,3.3,202.0
26.03.2016,3.0,5.6,1.3,88.0,75.0,2.5,6.0,0.3,0.0,5.2,5.1,8/8,0/8,0/8,0/8,uduvine,7.4,4.5,2.2,2.1,205.0
25.03.2016,2.2,5.5,0.0,73.0,61.0,3.1,8.8,0.0,2.4,5.3,4.5,1/8,7/8,0/8,0/8,nähtusteta,20.0,7.2,3.0,3.1,192.0
24.03.2016,-0.6,4.1,-5.6,56.0,51.0,2.7,7.9,0.0,4.2,3.0,2.3,1/8,8/8,0/8,0/8,nähtusteta,20.0,5.1,2.8,3.0,195.0
23.03.2016,-1.8,3.4,-6.5,59.0,33.0,2.9,8.3,0.0,10.5,3.0,1.4,6/8,0/8,0/8,0/8,nähtusteta,20.0,6.2,3.2,2.5,158.0
22.03.2016,-2.5,0.8,-5.3,78.0,72.0,2.5,7.5,0.0,6.4,-0.5,-0.9,0/8,0/8,0/8,0/8,nähtusteta,20.0,3.3,1.6,2.0,16.0
21.03.2016,-1.5,1.8,-4.2,80.0,67.0,1.5,5.7,0.2,3.9,-0.2,-0.6,1/8,8/8,0/8,0/8,nähtusteta,20.0,4.6,2.1,2.5,31.0
20.03.2016,-1.4,1.8,-5.2,68.0,56.0,2.2,8.2,0.5,7.0,-1.3,-1.7,1/8,8/8,0/8,0/8,nõrk hooglumi,20.0,2.7,1.3,1.1,52.0
19.03.2016,-1.9,0.8,-3.9,51.0,43.0,3.0,12.4,0.0,9.4,0.0,-1.5,6/8,0/8,0/8,0/8,nõrk hooglumi,20.0,6.8,2.5,1.6,2.0
18.03.2016,-1.0,2.9,-4.3,71.0,50.0,4.3,14.2,2.7,4.4,-1.4,-1.9,7/8,0/8,0/8,0/8,lumi,20.0,10.5,4.2,4.1,351.0
17.03.2016,3.3,6.7,1.6,83.0,70.0,3.7,11.2,0.0,9.4,3.9,3.6,4/8,7/8,0/8,0/8,nähtusteta,20.0,10.3,4.8,4.3,278.0
16.03.2016,1.8,5.5,-1.0,94.0,82.0,3.2,8.5,0.0,3.6,4.9,4.4,0/8,0/8,0/8,0/8,nähtusteta,20.0,4.7,3.0,2.8,255.0
15.03.2016,1.5,3.3,-0.4,79.0,66.0,2.4,8.8,0.0,2.6,2.7,1.9,0/8,0/8,0/8,0/8,nähtusteta,20.0,3.6,1.7,1.7,273.0
14.03.2016,1.9,3.7,0.6,86.0,79.0,2.6,6.9,0.0,1.6,3.0,2.7,8/8,0/8,0/8,0/8,nähtusteta,20.0,4.7,2.7,2.7,24.0
13.03.2016,-0.5,0.7,-2.4,98.0,87.0,2.7,8.5,0.0,0.0,0.6,0.1,8/8,0/8,0/8,0/8,uduvine,7.5,6.8,3.0,3.3,251.0
12.03.2016,-1.7,3.2,-6.6,86.0,69.0,1.1,4.3,0.0,10.8,2.2,0.6,0/8,0/8,0/8,0/8,nähtusteta,20.0,3.6,1.7,1.9,275.0
11.03.2016,-1.2,0.0,-3.6,90.0,78.0,1.6,5.0,0.0,1.0,-0.1,-0.9,0/8,0/8,0/8,0/8,nähtusteta,20.0,4.9,2.2,1.4,66.0
10.03.2016,-0.4,2.8,-1.7,94.0,84.0,1.5,5.1,0.0,3.2,1.2,0.1,8/8,0/8,0/8,0/8,nähtusteta,11.1,3.9,2.2,2.3,32.0
09.03.2016,1.2,4.6,-1.5,91.0,76.0,2.1,6.1,6.2,6.6,3.9,1.2,0/8,0/8,0/8,0/8,nähtusteta,17.5,3.8,1.5,1.4,357.0
08.03.2016,0.6,2.6,-0.1,99.0,97.0,1.5,5.3,0.7,0.0,1.0,0.7,-,-,-,-,uduvine,1.2,4.2,2.6,2.4,28.0
07.03.2016,1.7,3.4,0.0,92.0,82.0,2.9,7.0,3.0,0.0,3.2,2.9,8/8,0/8,0/8,0/8,uduvine,6.5,3.7,2.1,2.1,161.0
06.03.2016,0.7,1.9,-0.1,92.0,82.0,2.1,5.8,0.0,0.2,1.4,0.6,1/8,0/8,0/8,0/8,nähtusteta,20.0,5.2,2.9,2.7,103.0
05.03.2016,-0.1,0.9,-0.9,88.0,82.0,2.3,6.2,0.0,0.0,0.2,0.1,8/8,0/8,0/8,0/8,nähtusteta,9.4,6.2,3.6,3.1,39.0
04.03.2016,-1.2,2.6,-4.6,76.0,60.0,3.2,8.2,0.0,3.7,1.6,1.0,7/8,0/8,0/8,0/8,nähtusteta,20.0,5.6,3.4,3.6,94.0
03.03.2016,-2.6,0.1,-3.9,78.0,69.0,2.5,8.7,0.0,3.4,-1.1,-1.5,7/8,0/8,0/8,0/8,nähtusteta,20.0,4.5,2.8,2.9,95.0
02.03.2016,-4.2,0.3,-9.1,74.0,58.0,3.6,9.6,0.0,9.0,-1.9,-2.1,8/8,0/8,0/8,0/8,nähtusteta,20.0,9.2,5.5,5.9,75.0
01.03.2016,-4.1,1.3,-8.9,80.0,58.0,2.4,6.2,0.0,10.0,-0.5,-2.4,0/8,0/8,0/8,0/8,nähtusteta,20.0,4.6,3.0,3.1,101.0
30.04.2017,2.2,5.2,0.4,84.0,66.0,3.8,12.5,0.1,4.1,4.1,3.5,1/8,8/8,0/8,0/8,nähtusteta,20.0,10.1,5.2,4.8,261.0
29.04.2017,2.3,6.7,0.0,82.0,45.0,6.5,20.2,12.5,0.0,0.1,0.0,8/8,0/8,0/8,0/8,nõrk lumi,2.7,14.5,8.4,8.3,49.0
28.04.2017,3.2,8.2,-1.5,75.0,36.0,2.4,8.7,0.0,9.5,8.2,7.5,0/8,0/8,0/8,0/8,nähtusteta,20.0,8.7,5.3,5.7,43.0
27.04.2017,3.1,7.3,-0.4,84.0,66.0,2.9,10.8,2.0,5.4,7.0,4.4,2/8,3/8,0/8,0/8,nähtusteta,20.0,7.2,3.0,4.4,243.0
26.04.2017,2.3,5.4,-0.1,91.0,78.0,4.2,14.7,5.3,6.3,5.1,4.1,7/8,0/8,0/8,0/8,nähtusteta,20.0,14.4,7.7,8.3,262.0
25.04.2017,3.1,7.6,0.8,82.0,57.0,3.6,11.2,5.6,0.6,3.9,2.5,7/8,8/8,0/8,0/8,nõrk vihm,15.3,6.0,3.0,1.8,166.0
24.04.2017,2.9,8.4,-2.3,73.0,44.0,2.3,7.8,0.0,11.7,8.2,5.7,5/8,0/8,0/8,0/8,nähtusteta,20.0,6.4,2.7,2.7,181.0
23.04.2017,3.4,7.4,1.7,74.0,54.0,3.8,10.7,0.7,11.8,5.4,4.5,0/8,0/8,0/8,0/8,nähtusteta,20.0,10.4,5.1,4.4,276.0
22.04.2017,3.4,6.0,-1.0,81.0,72.0,2.9,10.6,0.0,7.7,6.0,4.9,4/8,4/8,0/8,0/8,nähtusteta,20.0,6.9,3.2,3.1,294.0
21.04.2017,4.7,8.9,0.5,83.0,50.0,4.4,12.3,10.9,6.2,8.8,8.1,0/8,0/8,0/8,0/8,nähtusteta,20.0,11.1,6.0,5.8,262.0
20.04.2017,1.9,8.5,-4.3,64.0,39.0,4.3,14.3,0.0,9.0,7.1,6.6,1/8,3/8,0/8,0/8,nähtusteta,20.0,14.3,7.3,8.7,233.0
19.04.2017,-0.2,5.6,-5.9,57.0,32.0,2.3,6.7,0.0,13.4,4.6,3.2,1/8,0/8,0/8,0/8,nähtusteta,20.0,5.4,3.0,3.4,32.0
18.04.2017,-0.5,2.8,-4.7,64.0,38.0,2.6,10.1,0.3,8.9,2.3,1.2,0/8,0/8,0/8,0/8,nähtusteta,20.0,8.2,4.6,3.8,23.0
17.04.2017,0.7,3.6,-1.5,57.0,44.0,2.5,7.9,0.0,13.1,2.6,1.5,0/8,0/8,0/8,0/8,nähtusteta,18.8,6.2,3.3,3.1,17.0
16.04.2017,-2.6,0.5,-6.3,70.0,47.0,2.5,9.4,0.2,9.0,0.5,-1.0,8/8,0/8,0/8,0/8,nähtusteta,20.0,6.5,3.5,3.3,10.0
15.04.2017,-1.5,1.3,-5.8,62.0,37.0,2.0,7.4,0.0,11.0,1.1,0.0,0/8,0/8,0/8,0/8,nähtusteta,20.0,5.3,2.5,2.6,348.0
14.04.2017,-0.2,2.2,-2.3,69.0,43.0,2.4,7.5,1.0,10.6,1.5,0.8,0/8,0/8,0/8,0/8,nähtusteta,20.0,4.9,2.7,2.6,28.0
13.04.2017,1.2,3.3,-0.4,92.0,79.0,4.5,12.4,3.9,3.2,2.9,1.7,8/8,0/8,0/8,0/8,nähtusteta,20.0,4.3,2.2,2.2,327.0
12.04.2017,3.2,8.1,-0.8,69.0,53.0,2.2,11.0,0.0,4.8,6.3,5.9,8/8,0/8,0/8,0/8,nähtusteta,20.0,3.8,2.2,2.2,35.0
11.04.2017,4.2,8.6,1.8,78.0,57.0,4.9,15.8,0.0,10.0,4.4,3.2,7/8,7/8,0/8,0/8,nähtusteta,20.0,12.5,6.3,6.4,266.0
10.04.2017,8.5,14.9,3.3,78.0,51.0,4.8,17.0,1.2,10.0,14.7,14.2,0/8,0/8,0/8,0/8,nähtusteta,20.0,13.5,6.5,6.9,209.0
09.04.2017,5.9,11.6,0.7,73.0,64.0,3.2,10.8,0.0,6.9,11.3,11.0,1/8,7/8,0/8,0/8,nähtusteta,20.0,6.2,3.3,3.8,223.0
08.04.2017,3.0,6.6,-0.6,64.0,33.0,3.9,12.9,0.0,9.2,5.3,4.7,1/8,0/8,0/8,0/8,nähtusteta,20.0,9.7,5.2,5.9,253.0
07.04.2017,4.2,8.8,0.6,78.0,52.0,2.3,6.9,0.0,5.2,7.5,6.7,1/8,2/8,0/8,0/8,nähtusteta,20.0,5.1,2.9,2.6,259.0
06.04.2017,3.9,8.9,-0.2,81.0,62.0,2.3,7.4,0.0,11.2,7.9,7.1,0/8,0/8,0/8,0/8,nähtusteta,20.0,6.9,3.7,3.9,273.0
05.04.2017,5.5,8.7,3.4,78.0,67.0,3.5,9.3,0.3,3.1,8.0,7.0,7/8,0/8,0/8,0/8,nähtusteta,20.0,9.0,4.0,3.6,261.0
04.04.2017,5.4,12.9,-1.5,76.0,52.0,3.0,11.8,0.0,12.4,12.5,11.4,0/8,0/8,0/8,0/8,nähtusteta,20.0,9.7,5.1,4.7,217.0
03.04.2017,2.9,5.4,2.1,94.0,86.0,1.9,6.5,0.0,0.6,3.5,2.8,1/8,8/8,0/8,0/8,nähtusteta,20.0,3.7,2.2,2.2,19.0
02.04.2017,7.4,12.8,4.0,89.0,73.0,3.6,9.9,0.0,6.9,9.0,8.2,5/8,0/8,0/8,0/8,nähtusteta,20.0,7.1,3.7,4.1,256.0
01.04.2017,2.4,9.0,-2.9,95.0,93.0,3.6,10.6,1.3,0.0,7.7,7.0,8/8,0/8,0/8,0/8,uduvine,7.8,9.6,5.3,4.9,200.0
31.03.2017,0.2,2.5,-1.3,87.0,62.0,2.4,6.9,2.5,0.0,2.5,2.1,8/8,0/8,0/8,0/8,nähtusteta,20.0,4.5,2.3,2.7,110.0
30.03.2017,0.2,3.4,-2.8,52.0,31.0,2.3,6.2,0.0,11.3,3.2,2.2,0/8,0/8,0/8,0/8,nähtusteta,20.0,5.6,2.6,3.0,277.0
29.03.2017,0.5,4.4,-4.2,69.0,44.0,2.6,7.9,0.0,10.8,3.9,3.0,0/8,0/8,0/8,0/8,nähtusteta,20.0,5.8,3.0,3.1,281.0
28.03.2017,3.2,7.9,1.1,55.0,44.0,4.3,13.5,0.0,11.6,4.5,3.3,6/8,0/8,0/8,0/8,nähtusteta,20.0,9.3,3.7,4.0,325.0
27.03.2017,5.8,9.4,2.4,62.0,55.0,5.2,17.2,0.0,7.7,9.1,8.4,6/8,0/8,0/8,0/8,nähtusteta,20.0,16.0,8.9,8.6,254.0
26.03.2017,2.2,8.2,-2.4,84.0,71.0,4.1,16.6,0.0,2.9,7.5,6.7,5/8,0/8,0/8,0/8,nähtusteta,20.0,11.7,6.5,6.5,260.0
25.03.2017,0.9,3.2,-1.9,89.0,80.0,2.3,6.4,2.5,0.0,3.0,2.9,8/8,0/8,0/8,0/8,nähtusteta,20.0,4.0,1.8,1.7,329.0
24.03.2017,0.8,3.5,-1.8,79.0,62.0,3.3,10.3,0.0,11.3,2.4,1.6,0/8,0/8,0/8,0/8,nähtusteta,20.0,9.5,5.2,4.5,266.0
23.03.2017,3.2,6.7,0.8,77.0,50.0,4.5,12.5,0.4,11.4,5.3,3.7,0/8,0/8,0/8,0/8,nähtusteta,20.0,9.2,4.8,4.7,269.0
22.03.2017,3.7,4.7,2.3,84.0,75.0,4.9,12.3,1.6,0.2,3.9,3.6,8/8,0/8,0/8,0/8,nõrk hoogvihm,15.1,8.3,3.9,4.0,221.0
21.03.2017,2.3,5.1,-0.2,94.0,82.0,3.7,11.7,1.7,0.1,5.1,4.7,7/8,0/8,0/8,0/8,nähtusteta,20.0,7.6,3.4,3.2,216.0
20.03.2017,-0.5,4.6,-5.1,86.0,48.0,1.8,5.9,1.9,6.4,1.3,1.2,8/8,0/8,0/8,0/8,nõrk vihm,10.6,4.1,2.0,1.9,142.0
19.03.2017,0.7,2.5,-0.9,95.0,86.0,1.0,4.5,0.3,0.0,1.3,0.8,8/8,0/8,0/8,0/8,nähtusteta,20.0,3.4,1.8,1.7,251.0
18.03.2017,2.1,4.0,0.2,89.0,78.0,3.3,9.1,0.1,0.6,3.6,3.2,8/8,0/8,0/8,0/8,nähtusteta,20.0,4.7,2.5,2.1,190.0
17.03.2017,2.5,4.8,-1.1,85.0,70.0,5.2,12.0,7.5,0.9,4.1,3.6,1/8,0/8,0/8,0/8,nähtusteta,20.0,8.8,4.1,3.7,217.0
16.03.2017,2.4,6.0,-0.7,77.0,65.0,3.1,9.7,0.0,10.8,3.8,2.3,0/8,0/8,0/8,0/8,nähtusteta,20.0,8.5,4.6,3.9,253.0
15.03.2017,4.0,6.1,0.7,82.0,67.0,5.4,15.0,5.1,10.2,5.3,3.7,0/8,0/8,0/8,0/8,nähtusteta,20.0,9.2,5.1,4.6,253.0
14.03.2017,0.3,3.2,-2.7,86.0,73.0,4.5,10.4,0.0,0.3,3.2,2.5,2/8,2/8,0/8,0/8,nähtusteta,20.0,9.7,5.3,5.4,191.0
13.03.2017,-1.3,1.7,-3.8,92.0,83.0,3.0,7.6,0.0,0.8,1.2,0.8,8/8,0/8,0/8,0/8,nähtusteta,20.0,4.9,2.4,2.3,206.0
12.03.2017,-1.6,1.9,-3.7,97.0,83.0,2.2,5.0,0.0,5.1,1.3,0.5,0/8,0/8,0/8,0/8,nähtusteta,20.0,3.3,1.7,1.8,208.0
11.03.2017,0.7,2.2,-1.7,96.0,89.0,1.6,4.9,0.9,0.0,0.7,-0.7,7/8,0/8,0/8,0/8,nähtusteta,20.0,3.7,2.0,2.0,244.0
10.03.2017,1.9,4.4,0.1,84.0,77.0,1.6,4.3,0.0,0.3,2.9,2.6,8/8,0/8,0/8,0/8,nähtusteta,11.2,3.6,1.8,1.6,233.0
09.03.2017,1.5,4.2,-0.3,76.0,64.0,3.1,9.1,0.9,2.3,3.2,2.5,7/8,0/8,0/8,0/8,nähtusteta,20.0,4.9,2.5,2.7,158.0
08.03.2017,-0.0,1.7,-2.2,87.0,69.0,4.2,12.3,2.2,0.6,1.0,0.2,1/8,2/8,0/8,0/8,nähtusteta,20.0,9.0,4.5,4.0,199.0
07.03.2017,-2.7,-1.7,-3.9,77.0,69.0,6.2,15.3,2.2,0.0,-2.2,-2.6,1/8,8/8,0/8,0/8,nõrk lumi,20.0,8.9,4.9,4.9,77.0
06.03.2017,-3.6,-1.2,-6.7,74.0,65.0,4.9,16.4,0.0,9.5,-2.5,-2.7,0/8,0/8,0/8,0/8,nähtusteta,20.0,13.6,7.8,7.4,67.0
05.03.2017,-3.2,-0.8,-4.3,75.0,68.0,5.0,10.3,0.0,5.9,-3.2,-3.6,0/8,0/8,0/8,0/8,nähtusteta,20.0,8.2,4.9,5.2,55.0
04.03.2017,-0.1,1.4,-1.3,90.0,80.0,2.3,6.8,0.3,0.3,0.1,-0.4,4/8,7/8,0/8,0/8,nähtusteta,20.0,3.3,1.4,1.2,10.0
03.03.2017,1.1,2.5,0.5,95.0,90.0,2.4,6.1,3.3,0.0,0.8,0.6,8/8,0/8,0/8,0/8,nõrk hoogvihm,3.3,5.0,3.0,2.8,205.0
02.03.2017,2.3,4.6,0.2,92.0,80.0,3.4,8.0,0.7,0.5,3.1,2.5,4/8,0/8,0/8,0/8,nähtusteta,20.0,5.4,2.8,2.4,199.0
01.03.2017,2.3,5.2,0.2,95.0,87.0,2.7,9.3,9.4,0.0,0.9,0.3,1/8,6/8,8/8,0/8,nõrk lumi,3.4,2.6,1.3,1.0,81.0
30.04.2018,7.0,11.7,2.5,84.0,57.0,2.8,8.5,0.0,10.0,11.7,10.4,0/8,0/8,0/8,0/8,nähtusteta,20.0,7.8,5.2,5.6,46.0
29.04.2018,8.3,12.6,4.6,84.0,67.0,1.7,4.9,0.8,0.1,10.8,9.9,8/8,0/8,0/8,0/8,nähtusteta,20.0,4.3,2.6,2.9,26.0
28.04.2018,7.4,12.6,3.0,76.0,51.0,2.8,8.7,0.0,7.9,11.8,10.8,0/8,0/8,0/8,0/8,nähtusteta,20.0,8.2,4.3,4.5,270.0
27.04.2018,6.6,10.8,2.0,83.0,65.0,2.7,10.8,1.7,8.0,10.1,9.3,1/8,2/8,0/8,0/8,nähtusteta,20.0,10.0,5.8,6.0,257.0
26.04.2018,6.9,11.3,3.2,78.0,56.0,3.0,10.1,0.8,9.8,10.5,8.5,1/8,0/8,0/8,0/8,nähtusteta,20.0,8.2,4.7,4.1,256.0
25.04.2018,6.9,9.6,5.8,91.0,82.0,2.6,10.0,0.4,0.1,7.3,6.8,8/8,0/8,0/8,0/8,nähtusteta,20.0,6.8,3.7,2.5,257.0
24.04.2018,8.4,11.5,6.0,71.0,54.0,3.6,11.3,0.0,2.7,9.7,8.6,8/8,0/8,0/8,0/8,nähtusteta,20.0,5.8,3.0,3.0,252.0
23.04.2018,6.3,11.8,0.6,57.0,38.0,2.7,7.8,0.0,12.0,11.8,10.9,0/8,0/8,0/8,0/8,nähtusteta,20.0,7.7,4.1,3.3,162.0
22.04.2018,5.4,8.4,3.9,74.0,67.0,3.0,8.2,0.0,2.0,5.4,4.9,8/8,0/8,0/8,0/8,nähtusteta,20.0,7.1,4.3,4.2,55.0
21.04.2018,8.3,12.5,5.1,79.0,62.0,4.6,14.3,0.0,9.0,9.5,8.9,0/8,0/8,0/8,0/8,nähtusteta,20.0,13.3,6.7,6.3,280.0
20.04.2018,8.8,17.6,2.5,78.0,52.0,3.6,12.0,0.0,8.4,13.7,12.1,1/8,7/8,0/8,0/8,nähtusteta,20.0,10.5,6.2,6.3,248.0
19.04.2018,7.6,12.7,4.7,79.0,59.0,3.4,9.3,0.0,7.6,11.4,10.5,0/8,0/8,0/8,0/8,nähtusteta,20.0,8.6,4.8,4.4,263.0
18.04.2018,6.3,12.5,2.5,84.0,54.0,3.3,9.1,0.0,6.0,11.9,9.1,5/8,0/8,0/8,0/8,nähtusteta,20.0,8.4,5.0,4.6,253.0
17.04.2018,3.6,11.0,2.4,97.0,90.0,2.4,7.6,0.0,0.5,5.3,4.6,7/8,0/8,0/8,0/8,nähtusteta,20.0,7.2,3.5,4.4,269.0
16.04.2018,10.8,18.0,4.9,90.0,72.0,2.6,8.6,8.4,4.5,17.3,15.1,1/8,0/8,0/8,0/8,nähtusteta,20.0,5.1,2.8,2.8,265.0
15.04.2018,8.9,15.6,4.7,62.0,49.0,1.9,5.3,0.0,6.2,12.7,9.8,1/8,0/8,0/8,0/8,nähtusteta,20.0,4.2,2.2,2.3,354.0
14.04.2018,9.5,19.2,2.7,39.0,18.0,3.1,7.8,0.0,13.4,18.4,15.7,0/8,0/8,0/8,0/8,nähtusteta,20.0,4.5,2.3,2.3,16.0
13.04.2018,3.9,10.5,-4.0,51.0,35.0,2.6,9.3,0.0,13.5,9.2,8.6,0/8,0/8,0/8,0/8,nähtusteta,20.0,6.8,4.4,3.9,33.0
12.04.2018,3.3,8.7,-3.6,55.0,34.0,2.5,7.9,0.0,12.9,8.3,7.5,0/8,0/8,0/8,0/8,nähtusteta,20.0,6.5,4.1,3.8,42.0
11.04.2018,2.0,7.3,-3.5,68.0,47.0,2.7,8.8,0.0,13.2,6.1,5.6,0/8,0/8,0/8,0/8,nähtusteta,20.0,7.1,4.3,4.1,47.0
10.04.2018,2.3,5.7,-0.2,78.0,52.0,4.6,13.1,1.8,8.4,5.7,4.9,0/8,0/8,0/8,0/8,nähtusteta,20.0,7.7,4.3,4.2,36.0
09.04.2018,9.5,19.0,4.2,70.0,47.0,2.6,8.7,0.0,11.7,14.2,11.8,1/8,0/8,0/8,0/8,nähtusteta,20.0,4.5,1.7,2.0,285.0
08.04.2018,5.4,11.7,0.2,62.0,51.0,2.5,7.2,0.0,1.1,8.6,5.6,1/8,0/8,0/8,0/8,nähtusteta,20.0,4.4,2.1,1.9,357.0
07.04.2018,3.1,7.2,0.1,67.0,45.0,3.4,10.8,0.0,12.0,7.1,5.8,1/8,0/8,0/8,0/8,nähtusteta,20.0,5.6,2.8,2.9,285.0
06.04.2018,3.9,9.1,0.8,90.0,58.0,3.8,13.0,2.7,3.0,3.0,0.8,4/8,0/8,0/8,0/8,lumi,20.0,5.9,2.6,2.6,236.0
05.04.2018,7.9,15.4,3.0,91.0,65.0,2.8,10.3,1.1,4.0,13.3,11.8,8/8,0/8,0/8,0/8,nõrk hoogvihm,20.0,6.7,3.5,3.2,179.0
04.04.2018,0.9,6.3,-6.5,78.0,62.0,3.6,10.2,1.8,5.1,5.5,4.5,8/8,0/8,0/8,0/8,nõrk vihm,16.6,7.9,3.9,4.5,157.0
03.04.2018,0.0,3.3,-2.4,74.0,43.0,3.7,9.5,0.5,10.0,3.3,3.0,0/8,0/8,0/8,0/8,nähtusteta,20.0,7.6,4.6,4.4,257.0
02.04.2018,-0.2,1.3,-0.8,97.0,78.0,4.4,11.2,15.8,0.0,-0.4,-0.6,8/8,0/8,0/8,0/8,nõrk lumi,2.3,7.9,3.4,3.5,319.0
01.04.2018,-0.1,3.6,-3.2,79.0,66.0,3.5,8.9,0.0,3.6,3.5,1.7,0/8,0/8,0/8,0/8,nähtusteta,20.0,6.7,4.3,4.6,41.0
31.03.2018,-1.5,2.5,-7.0,72.0,59.0,2.3,7.2,0.0,12.3,1.9,1.6,0/8,0/8,0/8,0/8,nähtusteta,20.0,5.4,3.3,3.2,30.0
30.03.2018,-1.3,3.9,-7.8,59.0,27.0,2.6,9.3,0.0,11.4,2.0,1.3,0/8,0/8,0/8,0/8,nähtusteta,20.0,6.8,4.3,4.1,36.0
29.03.2018,-2.5,2.1,-7.5,77.0,62.0,1.9,5.3,0.0,11.2,0.8,0.1,0/8,0/8,0/8,0/8,nähtusteta,20.0,4.0,2.3,2.4,30.0
28.03.2018,-5.0,1.0,-11.8,74.0,54.0,2.4,8.6,0.0,11.9,0.6,-0.1,0/8,0/8,0/8,0/8,nähtusteta,20.0,8.4,4.5,4.2,262.0
27.03.2018,-4.4,-1.8,-10.8,61.0,41.0,1.7,5.6,0.0,11.9,-1.8,-2.3,0/8,0/8,0/8,0/8,nähtusteta,20.0,4.5,1.9,2.0,350.0
26.03.2018,-1.8,1.6,-4.2,75.0,44.0,4.2,11.2,2.1,8.0,-0.8,-1.5,0/8,0/8,0/8,0/8,nähtusteta,20.0,3.7,1.9,1.6,329.0
25.03.2018,1.9,2.9,1.5,89.0,81.0,4.9,13.0,0.1,0.0,2.1,1.9,8/8,0/8,0/8,0/8,nähtusteta,20.0,9.7,5.3,5.6,249.0
24.03.2018,-2.2,4.3,-8.7,76.0,61.0,4.0,15.3,0.0,6.4,3.4,2.4,7/8,0/8,0/8,0/8,nähtusteta,20.0,15.3,8.1,9.1,237.0
23.03.2018,-2.4,0.4,-5.7,74.0,64.0,2.3,8.4,0.0,5.5,-1.3,-2.2,0/8,0/8,0/8,0/8,nähtusteta,20.0,2.8,0.9,0.5,58.0
22.03.2018,-0.3,3.8,-3.1,86.0,75.0,4.4,13.8,0.7,1.2,0.5,0.1,7/8,7/8,0/8,0/8,nõrk vihm,20.0,11.0,5.7,5.9,264.0
21.03.2018,-4.2,-0.7,-7.6,53.0,37.0,3.4,11.3,0.0,8.6,-1.4,-1.5,8/8,0/8,0/8,0/8,nähtusteta,20.0,8.2,4.1,4.2,207.0
20.03.2018,-2.6,-0.4,-4.3,90.0,76.0,2.9,10.0,1.8,0.0,-1.8,-2.5,4/8,8/8,0/8,0/8,nõrk hooglumi,14.7,7.6,3.8,4.1,8.0
19.03.2018,0.9,2.9,-0.6,74.0,61.0,5.0,12.2,2.6,1.1,-0.4,-0.6,8/8,0/8,0/8,0/8,nõrk lumi,3.6,9.1,4.8,4.2,249.0
18.03.2018,-1.7,0.9,-4.8,70.0,58.0,4.6,12.9,0.0,10.3,-0.1,-0.6,3/8,0/8,0/8,0/8,nähtusteta,20.0,11.0,6.3,5.9,251.0
17.03.2018,-5.0,-2.9,-7.1,69.0,52.0,3.4,10.7,0.0,9.6,-3.3,-3.9,8/8,0/8,0/8,0/8,nähtusteta,20.0,5.3,2.7,2.8,275.0
16.03.2018,-6.2,-4.9,-7.9,59.0,49.0,4.7,11.9,0.0,10.4,-5.2,-5.3,0/8,0/8,0/8,0/8,nähtusteta,20.0,9.2,5.1,4.8,33.0
15.03.2018,-5.0,-2.4,-6.5,66.0,44.0,4.0,10.9,0.0,6.6,-3.9,-4.6,7/8,0/8,0/8,0/8,nõrk hooglumi,20.0,9.1,4.7,4.0,16.0
14.03.2018,-0.6,3.5,-2.6,86.0,73.0,3.3,9.8,2.3,0.4,-2.2,-2.4,8/8,0/8,0/8,0/8,nähtusteta,20.0,8.0,3.5,3.7,332.0
13.03.2018,3.0,4.5,1.7,98.0,92.0,3.0,10.3,9.9,0.0,3.7,3.5,8/8,0/8,0/8,0/8,nõrk hoogvihm,16.3,5.4,2.9,3.0,165.0
12.03.2018,1.1,2.9,-0.6,85.0,80.0,3.9,10.5,0.3,0.8,2.7,2.4,8/8,0/8,0/8,0/8,nähtusteta,20.0,8.4,4.1,4.0,144.0
11.03.2018,1.4,4.1,0.2,87.0,68.0,2.2,5.5,0.0,1.6,2.5,2.1,8/8,0/8,0/8,0/8,nähtusteta,20.0,2.2,1.1,1.5,149.0
10.03.2018,1.0,1.8,0.3,93.0,87.0,2.4,5.9,0.0,0.0,1.5,1.3,8/8,0/8,0/8,0/8,nõrk hoogvihm,13.6,5.3,2.1,1.4,173.0
09.03.2018,-0.1,2.1,-2.7,94.0,91.0,3.2,6.6,2.3,0.0,1.8,1.6,8/8,0/8,0/8,0/8,nähtusteta,14.1,5.4,2.8,2.7,142.0
08.03.2018,-3.5,-0.4,-5.8,74.0,66.0,3.1,7.5,1.1,0.0,-1.8,-2.6,8/8,0/8,0/8,0/8,nõrk hooglumi,2.3,6.2,3.2,2.6,118.0
07.03.2018,-4.7,-0.2,-8.7,65.0,55.0,3.3,7.1,0.0,9.7,-1.2,-2.2,0/8,0/8,0/8,0/8,nähtusteta,20.0,6.5,3.7,3.1,68.0
06.03.2018,-5.5,-1.2,-8.6,60.0,51.0,3.6,8.2,0.0,5.3,-2.5,-3.5,1/8,5/8,0/8,0/8,nähtusteta,20.0,6.7,3.4,3.5,111.0
05.03.2018,-10.1,-3.7,-16.5,78.0,64.0,2.1,7.8,0.0,7.2,-4.5,-5.7,5/8,0/8,0/8,0/8,nähtusteta,20.0,5.0,3.1,2.8,86.0
04.03.2018,-9.2,-4.9,-15.3,82.0,60.0,1.6,5.9,0.0,9.7,-6.6,-7.7,5/8,6/8,0/8,0/8,nähtusteta,20.0,4.4,1.7,2.4,40.0
03.03.2018,-5.6,-3.2,-8.2,75.0,63.0,2.7,6.7,0.0,4.2,-4.4,-4.6,8/8,0/8,0/8,0/8,lumi,20.0,6.0,3.9,3.8,38.0
02.03.2018,-8.6,-4.2,-13.4,77.0,52.0,3.6,9.5,0.0,9.8,-5.4,-6.4,2/8,0/8,0/8,0/8,nähtusteta,20.0,8.3,4.5,4.0,58.0
01.03.2018,-11.3,-7.1,-14.3,86.0,78.0,3.1,7.9,0.0,6.2,-8.8,-9.5,0/8,0/8,0/8,0/8,nähtusteta,20.0,6.8,4.1,4.6,50.0
30.04.2019,7.1,13.3,-1.5,52.0,35.0,2.1,7.1,0.0,14.0,13.3,11.6,0/8,0/8,0/8,0/8,nähtusteta,20.0,5.6,3.6,4.0,30.0
29.04.2019,5.8,10.2,0.9,46.0,21.0,3.2,8.1,0.0,14.1,9.7,8.6,0/8,0/8,0/8,0/8,nähtusteta,20.0,7.9,4.9,5.0,47.0
28.04.2019,6.6,15.9,4.3,61.0,52.0,4.6,11.3,0.0,14.2,8.2,7.1,0/8,0/8,0/8,0/8,nähtusteta,20.0,9.3,5.4,5.6,45.0
27.04.2019,12.2,19.0,5.3,62.0,29.0,2.6,8.9,0.0,13.8,19.0,17.9,0/8,0/8,0/8,0/8,nähtusteta,20.0,8.3,4.8,4.6,67.0
26.04.2019,11.8,17.8,8.8,63.0,34.0,1.9,7.5,0.3,2.5,10.2,8.9,6/8,7/8,0/8,0/8,sademed,20.0,5.2,2.5,1.9,37.0
25.04.2019,13.4,17.7,11.6,46.0,40.0,3.1,8.2,0.0,1.0,13.2,12.4,7/8,0/8,0/8,0/8,nähtusteta,20.0,4.4,2.3,2.3,329.0
24.04.2019,13.8,22.3,3.4,45.0,20.0,2.4,8.8,0.0,13.6,20.5,19.9,0/8,0/8,0/8,0/8,nähtusteta,20.0,7.2,4.2,4.3,54.0
23.04.2019,11.4,19.6,3.3,56.0,34.0,2.0,6.5,0.0,13.6,14.6,13.8,0/8,0/8,0/8,0/8,nähtusteta,20.0,4.6,2.4,2.0,3.0
22.04.2019,11.0,19.2,1.3,53.0,34.0,2.3,8.8,0.0,12.9,17.2,14.2,0/8,0/8,0/8,0/8,nähtusteta,20.0,5.4,2.2,1.3,18.0
21.04.2019,7.7,14.7,0.7,62.0,44.0,2.4,8.5,0.0,13.6,13.2,11.8,0/8,0/8,0/8,0/8,nähtusteta,20.0,5.4,3.0,2.5,356.0
20.04.2019,8.3,12.0,4.3,67.0,47.0,1.9,6.0,0.0,8.9,10.5,9.3,8/8,0/8,0/8,0/8,nähtusteta,20.0,4.5,2.1,2.1,274.0
19.04.2019,8.0,15.6,-0.3,59.0,30.0,2.1,6.6,0.0,12.6,14.3,13.2,2/8,0/8,0/8,0/8,nähtusteta,20.0,6.6,3.6,3.5,270.0
18.04.2019,6.7,15.8,-2.1,64.0,36.0,1.5,4.7,0.0,13.4,15.2,13.2,0/8,0/8,0/8,0/8,nähtusteta,20.0,3.6,1.9,2.0,345.0
17.04.2019,5.6,12.3,-2.8,69.0,45.0,2.0,7.4,0.0,13.4,11.8,11.1,0/8,0/8,0/8,0/8,nähtusteta,20.0,5.9,3.7,3.3,37.0
16.04.2019,5.4,12.3,-3.3,62.0,37.0,2.4,9.3,0.0,13.4,12.1,11.4,0/8,0/8,0/8,0/8,nähtusteta,20.0,9.2,4.7,5.0,53.0
15.04.2019,2.5,7.9,-3.7,68.0,34.0,2.4,10.0,0.0,13.4,7.8,6.9,0/8,0/8,0/8,0/8,nähtusteta,20.0,9.1,4.8,4.6,49.0
14.04.2019,4.1,7.6,1.0,59.0,37.0,2.4,9.1,0.0,10.6,6.6,5.8,8/8,0/8,0/8,0/8,nähtusteta,20.0,7.0,3.6,3.2,23.0
13.04.2019,3.0,6.1,-0.7,59.0,41.0,2.7,9.8,0.0,5.4,5.9,5.2,0/8,0/8,0/8,0/8,nähtusteta,20.0,9.8,5.5,5.4,46.0
12.04.2019,-0.3,4.6,-6.4,68.0,43.0,1.9,7.3,0.0,13.0,4.6,3.9,0/8,0/8,0/8,0/8,nähtusteta,20.0,6.8,3.7,3.3,28.0
11.04.2019,0.0,3.1,-1.8,62.0,47.0,2.6,9.0,0.0,9.8,3.0,2.0,0/8,0/8,0/8,0/8,nähtusteta,20.0,3.6,1.6,1.6,341.0
10.04.2019,-0.1,1.8,-1.1,85.0,69.0,3.0,9.6,0.8,0.0,0.0,-0.2,8/8,0/8,0/8,0/8,nähtusteta,20.0,4.6,2.2,2.2,7.0
09.04.2019,1.5,2.9,0.9,98.0,96.0,2.2,5.8,3.6,0.1,2.1,1.3,8/8,0/8,0/8,0/8,nõrk vihm,10.5,4.4,2.1,1.7,8.0
08.04.2019,2.3,10.9,1.4,91.0,83.0,2.9,7.8,3.5,0.0,1.9,1.5,8/8,0/8,0/8,0/8,nõrk vihm,18.5,5.8,2.7,3.0,231.0
07.04.2019,8.7,15.1,2.6,40.0,26.0,3.6,10.3,0.0,8.5,13.5,13.2,7/8,0/8,0/8,0/8,nähtusteta,20.0,6.4,2.8,3.5,164.0
06.04.2019,9.4,15.9,3.7,31.0,18.0,3.6,9.6,0.0,12.8,15.3,14.5,0/8,0/8,0/8,0/8,nähtusteta,20.0,7.4,4.0,4.0,161.0
05.04.2019,7.7,15.0,-0.3,42.0,23.0,2.2,7.8,0.0,12.4,15.0,14.1,5/8,0/8,0/8,0/8,nähtusteta,20.0,6.7,2.8,3.6,137.0
04.04.2019,8.0,15.2,1.8,38.0,23.0,3.1,10.2,0.0,12.6,14.5,13.7,0/8,0/8,0/8,0/8,nähtusteta,20.0,6.8,3.5,3.5,173.0
03.04.2019,6.7,14.0,0.5,38.0,24.0,3.6,9.2,0.0,12.7,14.0,13.3,0/8,0/8,0/8,0/8,nähtusteta,20.0,8.5,4.7,4.5,159.0
02.04.2019,2.9,9.2,-1.8,64.0,28.0,2.9,9.0,0.0,11.6,9.2,8.3,7/8,0/8,0/8,0/8,nähtusteta,20.0,7.0,3.2,3.5,229.0
01.04.2019,2.5,5.5,0.2,68.0,52.0,3.6,10.2,0.0,12.6,4.5,3.6,0/8,0/8,0/8,0/8,nähtusteta,20.0,10.2,5.3,5.6,267.0
31.03.2019,3.6,6.4,0.4,86.0,70.0,4.1,11.7,3.1,2.5,3.0,1.6,2/8,0/8,0/8,0/8,nähtusteta,20.0,9.5,4.9,5.1,291.0
30.03.2019,5.9,10.9,2.7,82.0,63.0,3.9,9.3,0.0,9.4,7.8,6.6,8/8,0/8,0/8,0/8,nähtusteta,19.6,8.2,4.6,4.7,256.0
29.03.2019,6.0,9.3,2.8,80.0,71.0,4.8,14.5,0.0,11.8,7.2,6.7,0/8,0/8,0/8,0/8,nähtusteta,20.0,10.4,5.9,5.1,258.0
28.03.2019,4.9,11.5,-0.9,73.0,48.0,3.7,12.0,0.0,11.9,10.6,10.2,0/8,0/8,0/8,0/8,nähtusteta,20.0,10.1,5.7,5.5,250.0
27.03.2019,0.0,5.5,-6.4,65.0,40.0,1.5,5.3,0.0,9.7,4.5,3.8,8/8,0/8,0/8,0/8,nähtusteta,20.0,4.2,1.8,1.9,244.0
26.03.2019,0.8,2.9,-2.5,66.0,43.0,2.6,10.3,0.0,11.6,2.6,2.1,0/8,0/8,0/8,0/8,nähtusteta,20.0,8.1,3.2,2.8,352.0
25.03.2019,2.5,6.2,0.4,79.0,71.0,3.4,9.9,0.0,9.1,3.0,2.3,0/8,0/8,0/8,0/8,nähtusteta,20.0,7.0,3.5,3.8,262.0
24.03.2019,3.7,5.5,2.2,69.0,52.0,5.8,17.1,0.0,11.8,5.0,4.2,0/8,0/8,0/8,0/8,nähtusteta,20.0,12.0,6.1,5.2,255.0
23.03.2019,2.1,5.0,-1.4,79.0,52.0,3.9,11.5,0.8,1.1,4.9,4.6,8/8,0/8,0/8,0/8,nähtusteta,13.3,9.7,5.1,5.0,230.0
22.03.2019,3.2,6.3,1.1,67.0,50.0,3.6,10.9,0.5,11.7,4.8,3.6,0/8,0/8,0/8,0/8,nähtusteta,20.0,7.5,3.6,3.4,271.0
21.03.2019,3.1,7.1,0.2,92.0,74.0,3.6,10.4,1.6,1.5,4.8,4.7,8/8,0/8,0/8,0/8,nõrk hoogvihm,3.2,7.3,3.6,3.1,228.0
20.03.2019,1.7,5.5,-0.7,84.0,57.0,3.5,10.8,2.4,4.5,1.7,1.5,8/8,0/8,0/8,0/8,nõrk vihm,15.2,8.0,3.8,4.8,232.0
19.03.2019,2.2,3.7,1.7,94.0,91.0,2.8,10.2,2.8,0.0,2.2,1.7,8/8,0/8,0/8,0/8,nõrk vihm,20.0,6.3,2.1,2.5,287.0
18.03.2019,4.1,6.0,3.3,84.0,79.0,4.5,11.9,4.3,0.9,4.4,3.9,7/8,0/8,0/8,0/8,nähtusteta,20.0,7.4,3.9,4.3,184.0
17.03.2019,2.2,3.5,1.1,91.0,78.0,4.0,13.6,1.3,0.0,2.0,1.9,8/8,0/8,0/8,0/8,nõrk vihm,20.0,12.1,6.6,6.6,156.0
16.03.2019,3.2,4.4,2.4,92.0,87.0,3.0,7.6,2.4,0.0,3.7,3.6,6/8,8/8,0/8,0/8,nähtusteta,20.0,4.0,2.3,2.3,145.0
15.03.2019,2.6,4.0,1.1,92.0,86.0,3.2,9.3,2.4,0.0,3.5,3.3,8/8,0/8,0/8,0/8,nähtusteta,14.1,4.0,2.4,2.2,152.0
14.03.2019,2.1,4.6,-0.7,86.0,75.0,4.7,10.9,1.0,0.5,4.4,4.0,8/8,0/8,0/8,0/8,nähtusteta,20.0,7.8,4.4,4.4,137.0
13.03.2019,-1.3,1.6,-3.6,71.0,51.0,3.2,11.3,0.0,4.5,1.0,0.8,8/8,0/8,0/8,0/8,nähtusteta,20.0,9.4,5.0,4.6,140.0
12.03.2019,-3.4,-1.1,-4.9,74.0,68.0,2.5,8.1,0.5,2.0,-1.8,-2.0,8/8,0/8,0/8,0/8,nähtusteta,20.0,5.8,3.0,2.3,281.0
11.03.2019,-3.7,-1.5,-5.4,77.0,65.0,2.7,9.6,4.6,1.4,-2.4,-3.8,4/8,5/8,8/8,0/8,nõrk hooglumi,20.0,8.8,3.4,2.9,287.0
10.03.2019,0.3,2.7,-1.8,82.0,62.0,3.0,9.0,3.2,4.6,-0.6,-1.3,4/8,0/8,0/8,0/8,nähtusteta,20.0,5.9,3.2,3.0,242.0
09.03.2019,1.4,3.6,-1.3,79.0,62.0,6.3,18.4,1.7,5.1,2.7,2.3,8/8,0/8,0/8,0/8,nähtusteta,20.0,6.9,3.6,3.4,188.0
08.03.2019,4.0,6.0,1.3,87.0,77.0,4.3,11.7,3.3,3.2,5.7,4.2,8/8,0/8,0/8,0/8,uduvihm,20.0,11.7,4.7,3.8,189.0
07.03.2019,-0.8,1.6,-5.5,86.0,76.0,4.1,9.7,4.0,0.0,0.6,0.4,8/8,0/8,0/8,0/8,nõrk vihm,14.5,7.5,4.1,4.1,162.0
06.03.2019,-8.2,-4.1,-17.4,68.0,52.0,2.8,9.5,0.0,8.0,-4.4,-5.0,8/8,0/8,0/8,0/8,nähtusteta,20.0,6.5,2.9,2.4,194.0
05.03.2019,-2.8,-1.2,-5.5,83.0,61.0,4.6,12.9,19.4,0.7,-3.2,-4.0,0/8,0/8,0/8,0/8,nähtusteta,20.0,12.3,4.9,4.3,5.0
04.03.2019,-2.8,-1.5,-3.7,83.0,79.0,2.7,9.2,0.6,0.2,-1.6,-1.7,4/8,8/8,0/8,0/8,nõrk hooglumi,20.0,3.6,1.8,1.5,120.0
03.03.2019,-1.4,2.5,-4.2,69.0,51.0,2.8,12.9,0.5,4.5,-0.6,-1.2,8/8,0/8,0/8,0/8,nõrk lumi,20.0,6.9,3.5,3.8,125.0
02.03.2019,-1.3,4.4,-8.8,74.0,51.0,4.8,15.6,0.0,6.2,2.6,1.8,2/8,7/8,0/8,0/8,nähtusteta,20.0,15.6,8.4,8.4,251.0
01.03.2019,-4.0,0.1,-5.6,62.0,53.0,4.1,13.6,0.0,6.3,-3.1,-4.2,0/8,0/8,0/8,0/8,nähtusteta,20.0,4.7,1.8,1.6,304.0
30.04.2020,2.3,7.8,-3.5,72.0,50.0,2.1,7.8,0.0,11.5,7.0,6.1,0/8,0/8,0/8,0/8,nähtusteta,35.0,7.8,4.4,4.0,46.0
29.04.2020,3.1,6.5,1.2,85.0,67.0,3.6,10.3,2.2,9.4,5.7,4.5,1/8,0/8,0/8,0/8,nähtusteta,35.0,6.3,3.2,3.4,27.0
28.04.2020,2.1,5.9,-2.4,79.0,54.0,3.4,10.3,5.8,0.0,2.0,1.7,8/8,0/8,0/8,0/8,nõrk vihm,7.8,8.7,4.7,5.0,55.0
27.04.2020,4.8,7.6,2.1,59.0,32.0,2.2,6.9,0.0,14.0,7.5,6.4,0/8,0/8,0/8,0/8,nähtusteta,35.0,4.9,2.3,2.0,27.0
26.04.2020,4.6,8.5,-1.7,62.0,45.0,2.1,7.0,0.0,13.0,8.3,6.6,2/8,0/8,0/8,0/8,nähtusteta,35.0,6.9,2.9,3.0,329.0
25.04.2020,3.5,6.5,1.2,58.0,44.0,3.7,11.1,0.0,13.1,6.1,5.3,0/8,0/8,0/8,0/8,nähtusteta,35.0,11.1,5.5,4.9,276.0
24.04.2020,5.9,10.8,0.8,69.0,52.0,2.5,9.7,0.0,9.1,9.7,8.8,1/8,8/8,0/8,0/8,nähtusteta,35.0,6.5,3.3,2.9,298.0
23.04.2020,6.7,12.6,-0.2,67.0,45.0,2.2,6.8,0.0,12.8,12.1,10.6,0/8,0/8,0/8,0/8,nähtusteta,35.0,6.7,3.6,3.7,276.0
22.04.2020,7.3,12.7,-0.9,58.0,40.0,2.4,7.0,0.0,13.5,12.0,11.2,0/8,0/8,0/8,0/8,nähtusteta,35.0,5.4,3.5,3.3,35.0
21.04.2020,8.0,12.6,4.7,68.0,50.0,2.6,7.5,0.0,11.7,12.3,10.8,0/8,0/8,0/8,0/8,nähtusteta,35.0,5.3,2.9,3.1,290.0
20.04.2020,7.3,11.2,3.7,71.0,55.0,2.1,6.3,0.0,7.8,11.1,10.0,8/8,0/8,0/8,0/8,nähtusteta,35.0,4.3,2.0,1.6,331.0
19.04.2020,5.2,8.3,3.1,62.0,50.0,3.5,9.4,0.0,11.3,8.0,6.8,4/8,0/8,0/8,0/8,nähtusteta,35.0,7.1,3.6,3.7,265.0
18.04.2020,5.1,8.0,2.5,63.0,52.0,4.1,11.6,0.0,12.8,7.4,6.5,4/8,0/8,0/8,0/8,nähtusteta,35.0,10.1,5.0,4.9,283.0
17.04.2020,4.3,7.1,2.3,68.0,54.0,4.1,12.0,0.0,9.1,6.6,5.7,0/8,0/8,0/8,0/8,nähtusteta,35.0,10.0,4.8,4.7,310.0
16.04.2020,3.5,5.7,1.3,89.0,75.0,3.7,12.0,11.1,3.5,5.7,4.5,3/8,0/8,0/8,0/8,nähtusteta,35.0,10.6,4.4,4.5,292.0
15.04.2020,3.1,8.5,-0.6,82.0,63.0,3.2,12.6,3.3,6.1,7.8,6.7,2/8,0/8,0/8,0/8,nähtusteta,35.0,11.5,5.6,5.5,280.0
14.04.2020,1.7,4.1,0.0,85.0,72.0,4.1,11.6,3.8,4.8,3.9,2.2,1/8,2/8,7/8,0/8,nähtusteta,35.0,11.6,4.3,6.1,300.0
13.04.2020,4.3,7.1,1.0,77.0,57.0,4.6,12.8,1.9,8.0,4.3,3.0,4/8,0/8,0/8,0/8,nähtusteta,35.0,12.2,6.8,7.5,266.0
12.04.2020,3.9,6.9,-0.5,88.0,73.0,4.1,10.5,2.4,0.0,6.9,6.6,8/8,0/8,0/8,0/8,nõrk vihm,30.4,9.7,4.8,4.4,201.0
11.04.2020,3.4,8.3,-1.9,68.0,41.0,3.3,11.6,0.0,11.8,7.2,5.5,0/8,0/8,0/8,0/8,nähtusteta,35.0,8.5,4.6,5.0,267.0
10.04.2020,3.8,6.8,-2.1,65.0,43.0,3.6,10.1,0.0,13.2,6.0,5.1,0/8,0/8,0/8,0/8,nähtusteta,35.0,9.8,5.0,5.6,271.0
09.04.2020,5.7,8.8,3.5,69.0,55.0,3.9,14.0,0.0,8.7,6.1,5.4,0/8,0/8,0/8,0/8,nähtusteta,35.0,12.6,5.8,4.8,282.0
08.04.2020,8.0,14.0,2.7,60.0,35.0,4.3,14.4,0.0,12.8,13.6,12.0,0/8,0/8,0/8,0/8,nähtusteta,35.0,12.3,7.0,7.9,248.0
07.04.2020,9.3,17.9,4.8,59.0,33.0,4.1,10.9,0.5,9.3,15.2,10.3,8/8,0/8,0/8,0/8,nõrk vihm,17.3,10.9,5.0,4.7,257.0
06.04.2020,6.2,13.9,-1.4,66.0,40.0,2.8,9.9,0.0,7.6,13.9,13.0,0/8,0/8,0/8,0/8,nähtusteta,35.0,6.9,3.6,4.1,251.0
05.04.2020,1.7,6.6,-3.9,61.0,33.0,2.4,10.3,0.0,11.5,6.3,5.5,1/8,0/8,0/8,0/8,nähtusteta,35.0,8.4,4.5,3.4,273.0
04.04.2020,2.7,6.6,-1.2,61.0,34.0,3.7,11.9,0.0,12.6,5.8,4.8,0/8,0/8,0/8,0/8,nähtusteta,35.0,9.2,5.1,5.0,263.0
03.04.2020,2.1,5.8,0.0,85.0,71.0,6.0,16.7,6.2,4.6,3.9,3.0,1/8,3/8,0/8,0/8,nähtusteta,35.0,16.2,7.7,7.1,276.0
02.04.2020,4.2,8.8,-0.5,80.0,61.0,4.6,16.3,0.6,2.7,7.4,6.7,4/8,5/8,0/8,0/8,nähtusteta,35.0,15.6,8.0,6.8,237.0
01.04.2020,2.7,5.6,-0.4,76.0,61.0,5.0,15.2,1.4,11.3,5.0,4.1,0/8,0/8,0/8,0/8,nähtusteta,35.0,15.2,6.8,7.2,265.0
31.03.2020,-2.3,3.1,-8.7,60.0,38.0,4.1,13.7,0.0,7.0,1.6,1.2,8/8,0/8,0/8,0/8,nähtusteta,35.0,12.5,6.9,6.9,241.0
30.03.2020,-2.4,1.7,-7.0,62.0,29.0,2.5,9.6,0.0,3.8,1.7,0.6,1/8,0/8,0/8,0/8,nähtusteta,35.0,8.6,4.0,4.7,71.0
29.03.2020,1.0,5.7,-1.5,48.0,34.0,3.6,10.3,0.0,10.4,2.1,0.6,0/8,0/8,0/8,0/8,nähtusteta,35.0,6.3,3.4,3.5,303.0
28.03.2020,5.1,10.7,0.4,56.0,41.0,3.0,9.6,0.0,10.8,6.8,5.5,7/8,0/8,0/8,0/8,nähtusteta,35.0,6.4,3.4,2.6,249.0
27.03.2020,4.0,9.6,-1.5,54.0,34.0,1.8,7.3,0.0,5.4,8.9,8.2,4/8,0/8,0/8,0/8,nähtusteta,27.4,2.7,1.3,1.1,204.0
26.03.2020,5.9,11.8,1.5,54.0,21.0,4.4,13.6,0.0,10.3,10.5,9.3,0/8,0/8,0/8,0/8,nähtusteta,35.0,8.7,5.2,4.6,229.0
25.03.2020,5.2,10.1,1.7,60.0,37.0,6.3,15.9,0.0,11.5,8.0,7.1,0/8,0/8,0/8,0/8,nähtusteta,35.0,14.9,8.4,8.9,231.0
24.03.2020,2.5,7.4,-0.8,71.0,52.0,5.3,12.9,0.0,9.4,4.8,4.3,6/8,0/8,0/8,0/8,nähtusteta,35.0,12.0,6.3,5.3,227.0
23.03.2020,-0.8,4.9,-5.9,58.0,48.0,2.8,9.3,0.0,11.1,3.8,2.8,2/8,0/8,0/8,0/8,nähtusteta,35.0,7.9,3.8,3.8,228.0
22.03.2020,-3.0,2.0,-8.7,68.0,32.0,1.5,5.8,0.0,11.3,1.0,0.0,0/8,0/8,0/8,0/8,nähtusteta,35.0,4.4,1.8,1.1,14.0
21.03.2020,-1.4,0.8,-5.8,65.0,39.0,2.5,9.3,2.0,6.8,0.3,-1.3,0/8,0/8,0/8,0/8,vihm,35.0,7.4,3.2,1.7,5.0
20.03.2020,1.7,3.6,-0.6,72.0,56.0,3.0,7.9,0.0,9.4,2.3,1.3,0/8,0/8,0/8,0/8,nähtusteta,35.0,5.3,2.4,1.7,20.0
19.03.2020,4.0,6.1,1.4,82.0,68.0,4.9,13.1,0.8,11.0,4.8,4.2,2/8,0/8,0/8,0/8,nähtusteta,35.0,11.1,5.9,4.8,265.0
18.03.2020,5.5,6.5,4.7,90.0,83.0,4.5,14.9,5.6,0.0,6.4,5.9,8/8,0/8,0/8,0/8,nõrk vihm,12.3,14.6,5.7,7.9,255.0
17.03.2020,1.5,5.6,-4.3,81.0,61.0,3.3,11.9,0.0,6.4,5.1,4.7,8/8,0/8,0/8,0/8,nähtusteta,35.0,9.1,4.1,4.2,213.0
16.03.2020,3.1,4.1,1.5,85.0,55.0,4.1,15.4,9.5,1.1,3.9,2.9,0/8,0/8,0/8,0/8,nähtusteta,35.0,4.7,1.8,1.5,325.0
15.03.2020,0.5,6.3,-5.7,62.0,49.0,4.1,14.7,0.0,11.0,4.1,3.2,1/8,0/8,0/8,0/8,nähtusteta,35.0,14.7,6.2,6.8,200.0
14.03.2020,-0.9,0.9,-2.6,51.0,42.0,4.0,11.4,0.0,6.4,0.2,-0.3,8/8,0/8,0/8,0/8,nähtusteta,35.0,9.6,4.1,3.8,342.0
13.03.2020,2.3,4.4,0.8,79.0,53.0,4.2,13.4,3.7,4.0,1.8,1.4,6/8,0/8,0/8,0/8,nähtusteta,35.0,7.4,3.4,3.2,307.0
12.03.2020,4.6,7.8,3.1,86.0,69.0,4.8,16.7,3.3,0.9,4.8,4.1,8/8,0/8,0/8,0/8,mõõdukas vihm,9.7,8.3,4.2,4.2,174.0
11.03.2020,3.9,4.9,3.3,94.0,91.0,4.5,12.5,4.2,0.0,3.9,3.7,8/8,0/8,0/8,0/8,nõrk hoogvihm,35.0,12.4,5.8,6.1,256.0
10.03.2020,4.2,5.6,2.7,88.0,69.0,3.5,8.5,1.9,0.0,5.3,5.0,4/8,8/8,0/8,0/8,nähtusteta,27.9,6.7,3.4,3.2,204.0
09.03.2020,4.0,8.0,0.8,78.0,63.0,4.0,9.7,0.0,1.3,6.1,5.6,8/8,0/8,0/8,0/8,nähtusteta,35.0,7.4,3.9,3.5,188.0
08.03.2020,1.7,6.2,-2.2,87.0,67.0,1.8,6.2,0.0,6.9,4.1,2.6,0/8,0/8,0/8,0/8,nähtusteta,35.0,4.5,1.9,2.3,190.0
07.03.2020,1.8,6.2,-2.3,85.0,72.0,1.9,6.1,0.0,0.4,3.3,2.7,7/8,8/8,0/8,0/8,nõrk hoogvihm,32.1,5.1,2.5,2.5,47.0
06.03.2020,2.4,6.1,-1.6,87.0,66.0,2.6,7.9,1.2,6.4,3.0,-0.3,0/8,0/8,0/8,0/8,nähtusteta,35.0,1.4,0.5,0.9,181.0
05.03.2020,3.3,4.8,2.6,94.0,83.0,2.6,8.0,1.9,0.9,2.9,2.6,1/8,2/8,8/8,0/8,nähtusteta,35.0,3.6,1.9,2.1,170.0
04.03.2020,2.8,4.0,1.8,95.0,91.0,4.8,12.9,6.9,0.0,4.0,3.8,8/8,0/8,0/8,0/8,nähtusteta,29.9,6.2,3.7,4.0,152.0
03.03.2020,2.2,4.1,0.3,96.0,91.0,2.3,6.3,4.1,0.1,4.1,3.4,8/8,0/8,0/8,0/8,nähtusteta,10.8,6.1,2.3,1.9,63.0
02.03.2020,3.8,7.9,1.2,85.0,68.0,3.4,11.1,0.0,5.6,4.1,2.4,4/8,0/8,0/8,0/8,nähtusteta,12.4,3.0,1.5,1.4,208.0
01.03.2020,1.7,4.4,-0.4,94.0,86.0,4.1,11.6,3.6,1.2,3.7,3.4,5/8,6/8,7/8,0/8,nähtusteta,35.0,8.1,4.1,4.5,200.0
30.04.2021,3.4,9.2,-3.2,64.0,41.0,2.4,8.7,0.0,14.6,7.9,7.0,0/8,0/8,0/8,0/8,nähtusteta,35.0,8.6,4.2,3.7,279.0
29.04.2021,2.5,7.6,-3.4,67.0,39.0,1.8,6.4,0.0,14.5,6.7,5.8,4/8,0/8,0/8,0/8,nähtusteta,35.0,4.6,2.8,2.8,19.0
28.04.2021,3.1,7.6,-1.1,70.0,41.0,1.8,6.9,0.0,13.0,6.4,5.0,0/8,0/8,0/8,0/8,nähtusteta,35.0,6.1,2.9,3.0,285.0
27.04.2021,3.4,5.3,2.5,88.0,70.0,2.2,6.5,1.2,0.0,4.8,4.5,8/8,0/8,0/8,0/8,nähtusteta,35.0,4.3,2.0,1.8,330.0
26.04.2021,2.4,4.1,0.4,98.0,94.0,2.0,7.5,6.3,0.0,4.0,3.7,8/8,0/8,0/8,0/8,nõrk hoogvihm,3.1,5.3,2.4,2.4,2.0
25.04.2021,3.1,5.9,1.4,87.0,69.0,2.7,8.2,1.7,0.4,5.2,4.2,5/8,8/8,0/8,0/8,vihm,35.0,6.7,3.1,2.4,293.0
24.04.2021,1.9,4.6,0.1,89.0,78.0,3.2,9.1,5.5,1.2,3.7,2.2,1/8,8/8,0/8,0/8,nõrk vihm,19.6,4.9,2.2,1.9,320.0
23.04.2021,3.4,7.1,2.0,87.0,79.0,2.6,9.1,1.9,1.3,3.2,3.0,8/8,0/8,0/8,0/8,nõrk hoogvihm,35.0,6.2,3.1,3.0,262.0
22.04.2021,5.7,11.4,-0.1,63.0,38.0,2.8,9.8,0.0,8.0,10.2,9.2,3/8,0/8,0/8,0/8,nähtusteta,35.0,8.6,3.8,4.2,230.0
21.04.2021,8.8,13.7,4.6,57.0,45.0,2.9,7.8,0.0,11.6,12.0,10.7,0/8,0/8,0/8,0/8,nähtusteta,35.0,4.0,1.9,1.7,344.0
20.04.2021,7.2,12.2,2.7,54.0,35.0,3.1,8.6,0.0,11.0,8.1,7.4,7/8,0/8,0/8,0/8,nähtusteta,35.0,3.9,2.4,2.6,26.0
19.04.2021,7.2,11.8,2.6,62.0,39.0,3.5,9.3,0.0,12.7,11.4,9.9,0/8,0/8,0/8,0/8,nähtusteta,35.0,7.8,4.1,3.8,49.0
18.04.2021,8.3,13.3,2.3,50.0,29.0,3.8,12.7,0.0,13.5,13.3,12.7,0/8,0/8,0/8,0/8,nähtusteta,35.0,12.7,5.6,5.6,80.0
17.04.2021,7.8,12.8,2.6,48.0,27.0,4.6,13.4,0.0,12.7,12.6,11.8,0/8,0/8,0/8,0/8,nähtusteta,35.0,12.6,6.3,6.6,65.0
16.04.2021,5.5,9.9,1.7,55.0,31.0,5.0,15.4,0.0,13.0,9.7,9.0,1/8,0/8,0/8,0/8,nähtusteta,35.0,12.7,6.5,6.7,58.0
15.04.2021,3.6,8.2,-2.0,62.0,36.0,3.3,12.4,0.0,12.8,8.2,7.6,0/8,0/8,0/8,0/8,nähtusteta,35.0,10.1,5.2,4.5,58.0
14.04.2021,2.7,7.2,-1.1,82.0,61.0,1.9,6.0,0.0,7.1,5.7,4.8,1/8,0/8,0/8,0/8,nähtusteta,35.0,5.4,2.8,2.2,274.0
13.04.2021,5.3,13.9,3.4,74.0,52.0,2.2,6.7,0.0,3.7,6.4,5.5,7/8,0/8,0/8,0/8,nähtusteta,35.0,5.8,2.8,3.1,280.0
12.04.2021,11.2,16.9,5.9,52.0,33.0,4.0,10.4,0.0,4.8,15.4,15.2,7/8,0/8,0/8,0/8,nähtusteta,35.0,5.5,2.5,2.3,182.0
11.04.2021,4.7,11.2,-0.1,69.0,32.0,3.3,7.3,0.0,10.0,7.8,7.1,7/8,0/8,0/8,0/8,nähtusteta,35.0,4.9,2.7,2.2,56.0
10.04.2021,4.1,7.3,2.2,69.0,50.0,5.5,17.3,0.5,6.7,4.9,4.5,2/8,0/8,0/8,0/8,nähtusteta,35.0,11.3,6.6,7.0,251.0
09.04.2021,1.9,3.7,-1.8,87.0,81.0,5.1,16.3,1.7,0.0,3.0,2.8,8/8,0/8,0/8,0/8,nõrk hoogvihm,35.0,14.1,7.0,7.0,211.0
08.04.2021,1.8,6.3,-2.0,79.0,49.0,2.8,11.8,0.0,11.6,3.7,2.8,0/8,0/8,0/8,0/8,nähtusteta,35.0,11.0,6.0,5.7,267.0
07.04.2021,2.8,8.0,0.1,75.0,52.0,4.2,11.8,2.2,5.1,4.6,2.2,8/8,0/8,0/8,0/8,mõõdukas hoogvihm,3.6,9.7,3.0,4.7,239.0
06.04.2021,1.8,6.5,-2.2,72.0,48.0,5.0,15.6,0.0,6.2,5.3,4.4,3/8,0/8,0/8,0/8,nähtusteta,35.0,15.1,8.0,7.2,238.0
05.04.2021,3.0,4.6,0.6,86.0,79.0,5.7,14.0,4.2,0.0,2.3,1.0,1/8,8/8,0/8,0/8,vihm,35.0,9.3,4.7,4.4,189.0
04.04.2021,4.4,11.2,-1.4,68.0,40.0,4.5,15.8,0.0,7.9,8.8,7.8,0/8,0/8,0/8,0/8,nähtusteta,35.0,13.3,6.3,5.4,209.0
03.04.2021,2.6,6.9,-0.2,80.0,58.0,2.3,7.8,0.0,2.6,4.7,3.9,8/8,0/8,0/8,0/8,nähtusteta,35.0,5.4,2.7,2.5,279.0
02.04.2021,3.2,7.4,0.5,78.0,57.0,3.1,9.8,0.0,4.9,5.0,3.3,2/8,5/8,7/8,0/8,nähtusteta,35.0,7.2,3.6,3.1,274.0
01.04.2021,3.3,7.9,-1.0,76.0,58.0,2.6,7.8,0.0,12.2,6.5,4.9,0/8,0/8,0/8,0/8,nähtusteta,35.0,6.9,3.5,3.6,265.0
31.03.2021,4.4,8.5,2.1,88.0,68.0,3.3,10.1,3.2,3.8,5.9,4.8,8/8,0/8,0/8,0/8,nähtusteta,35.0,9.6,5.1,5.1,261.0
30.03.2021,6.7,8.8,5.4,96.0,93.0,4.0,12.8,2.2,0.0,7.0,6.4,8/8,0/8,0/8,0/8,sademed,21.7,7.8,4.2,3.9,255.0
29.03.2021,4.5,6.2,2.6,84.0,66.0,5.0,11.6,1.4,0.0,5.8,5.6,8/8,0/8,0/8,0/8,nõrk vihm,18.8,10.6,5.2,5.0,181.0
28.03.2021,5.8,9.5,3.8,71.0,58.0,4.2,11.0,0.3,4.8,7.2,6.1,4/8,0/8,0/8,0/8,nähtusteta,35.0,9.8,4.9,5.1,197.0
27.03.2021,5.5,12.2,-0.1,78.0,51.0,3.2,7.8,0.0,7.4,8.2,7.4,7/8,0/8,0/8,0/8,nähtusteta,30.5,5.4,2.8,3.1,132.0
26.03.2021,4.0,10.2,0.2,85.0,62.0,2.8,8.6,0.0,10.6,8.2,5.6,1/8,0/8,0/8,0/8,nähtusteta,30.8,2.7,0.9,1.2,288.0
25.03.2021,4.5,8.2,2.2,83.0,66.0,3.5,10.9,0.0,6.9,5.0,3.3,0/8,0/8,0/8,0/8,nähtusteta,27.0,5.1,2.9,2.7,252.0
24.03.2021,3.5,8.2,1.3,80.0,60.0,3.5,11.5,0.0,5.2,3.2,3.1,8/8,0/8,0/8,0/8,nähtusteta,35.0,8.7,4.3,4.0,209.0
23.03.2021,1.2,8.9,-4.5,85.0,61.0,2.6,8.9,0.0,5.3,7.4,5.9,0/8,0/8,0/8,0/8,nähtusteta,35.0,4.8,2.4,2.0,227.0
22.03.2021,-0.3,2.3,-1.9,58.0,33.0,3.1,10.2,0.0,11.6,0.9,-0.5,0/8,0/8,0/8,0/8,nähtusteta,35.0,4.5,1.7,1.7,247.0
21.03.2021,1.7,3.6,-0.6,78.0,59.0,4.1,11.5,4.1,4.6,1.8,1.4,5/8,7/8,0/8,0/8,nähtusteta,35.0,8.6,3.8,3.2,321.0
20.03.2021,-4.4,-0.2,-9.1,78.0,64.0,4.1,13.9,2.3,0.0,-0.8,-0.9,8/8,0/8,0/8,0/8,nõrk lumi,2.2,10.3,5.3,5.0,224.0
19.03.2021,-4.5,-2.2,-8.0,66.0,49.0,3.7,10.0,0.0,4.6,-4.2,-4.9,0/8,0/8,0/8,0/8,nähtusteta,35.0,4.1,1.8,1.1,59.0
18.03.2021,-1.0,1.2,-2.7,78.0,48.0,2.6,7.4,0.6,4.6,-1.7,-2.3,1/8,0/8,0/8,0/8,nähtusteta,35.0,7.0,3.9,4.1,39.0
17.03.2021,-0.2,1.5,-1.5,94.0,88.0,1.7,5.1,0.1,0.6,0.3,0.1,8/8,0/8,0/8,0/8,nõrk vihm,20.3,2.1,0.9,0.8,335.0
16.03.2021,-0.5,3.2,-2.5,96.0,83.0,2.3,5.8,0.0,2.9,-0.3,-0.6,8/8,0/8,0/8,0/8,nähtusteta,35.0,4.4,2.5,2.3,257.0
15.03.2021,0.2,1.1,-0.8,97.0,94.0,3.8,10.2,0.4,0.1,-0.1,-0.6,8/8,0/8,0/8,0/8,nähtusteta,11.7,7.0,3.6,2.5,258.0
14.03.2021,1.1,2.5,0.3,98.0,96.0,2.7,7.0,6.0,0.0,2.4,1.2,-,-,-,-,udu,0.45,3.4,1.7,1.9,259.0
13.03.2021,2.2,4.0,0.5,92.0,85.0,3.2,9.1,2.3,0.3,1.9,1.6,8/8,0/8,0/8,0/8,nähtusteta,20.7,5.5,2.6,3.1,170.0
12.03.2021,-0.9,0.8,-3.3,83.0,61.0,4.8,13.4,0.9,0.0,0.5,0.3,8/8,0/8,0/8,0/8,nõrk hoogvihm,5.5,2.7,1.4,1.4,188.0
11.03.2021,-5.9,0.9,-12.4,67.0,55.0,4.5,12.0,0.0,2.0,-0.8,-1.2,7/8,0/8,0/8,0/8,nähtusteta,35.0,10.1,5.4,5.9,151.0
10.03.2021,-10.5,-6.1,-15.0,64.0,44.0,5.5,13.5,1.0,10.8,-9.1,-9.9,1/8,0/8,0/8,0/8,nähtusteta,35.0,8.1,4.5,4.1,97.0
09.03.2021,-4.6,1.8,-11.1,76.0,60.0,2.8,9.4,3.9,0.2,-1.3,-4.2,8/8,0/8,0/8,0/8,tugev lumi,0.55,8.1,3.1,5.2,87.0
08.03.2021,-5.2,-3.3,-9.4,68.0,40.0,3.6,11.8,0.0,6.3,-4.5,-7.5,0/8,0/8,0/8,0/8,nähtusteta,35.0,2.1,0.9,0.6,40.0
07.03.2021,-2.3,2.4,-4.3,66.0,42.0,4.9,18.1,2.7,2.5,-3.2,-4.2,8/8,0/8,0/8,0/8,nõrk hooglumi,35.0,10.0,4.2,3.8,350.0
06.03.2021,-2.8,2.2,-9.2,86.0,64.0,4.0,16.5,4.4,1.0,0.9,0.7,8/8,0/8,0/8,0/8,nõrk lumi,10.5,12.9,6.3,6.3,239.0
05.03.2021,-2.6,-1.0,-4.6,56.0,48.0,2.9,9.5,0.0,9.9,-1.8,-2.2,4/8,0/8,0/8,0/8,nähtusteta,35.0,5.7,2.5,2.7,334.0
04.03.2021,-0.1,3.0,-2.7,73.0,53.0,3.2,9.8,2.2,8.3,-0.2,-0.9,8/8,0/8,0/8,0/8,nõrk lumi,2.2,8.0,3.1,2.5,340.0
03.03.2021,2.5,6.6,-0.4,79.0,57.0,4.1,12.1,0.0,6.8,3.6,2.9,2/8,7/8,0/8,0/8,nähtusteta,35.0,10.9,6.3,6.2,251.0
02.03.2021,3.3,5.9,1.3,73.0,61.0,3.5,11.4,0.0,9.9,2.8,2.2,1/8,0/8,0/8,0/8,nähtusteta,35.0,6.8,3.2,3.3,288.0
01.03.2021,2.6,8.7,0.2,84.0,72.0,3.2,13.6,0.0,4.5,2.1,1.6,0/8,0/8,0/8,0/8,nähtusteta,35.0,6.2,3.7,4.0,237.0
